user_id,mental_state,books_1,books_2,books_3,films_1,films_2,films_3,music_1,music_2,music_3
0,happy,Book 8,Book 9,Book 6,Film 3,Film 5,Film 2,Music 1,Music 5,Music 4
1,happy,Book 5,Book 1,Book 3,Film 2,Film 6,Film 7,Music 7,Music 9,Music 1
2,relaxed,Book 2,Book 9,Book 1,Film 1,Film 7,Film 2,Music 5,Music 8,Music 2
3,stressed,Book 6,Book 10,Book 3,Film 8,Film 9,Film 1,Music 1,Music 10,Music 3
4,relaxed,Book 6,Book 5,Book 10,Film 10,Film 2,Film 1,Music 6,Music 9,Music 2
5,sad,Book 1,Book 7,Book 3,Film 2,Film 8,Film 5,Music 8,Music 5,Music 2
6,sad,Book 2,Book 9,Book 1,Film 4,Film 7,Film 1,Music 4,Music 1,Music 3
7,stressed,Book 7,Book 3,Book 9,Film 6,Film 2,Film 4,Music 9,Music 1,Music 10
8,happy,Book 2,Book 1,Book 8,Film 10,Film 9,Film 5,Music 6,Music 1,Music 2
9,stressed,Book 2,Book 7,Book 5,Film 8,Film 6,Film 7,Music 4,Music 7,Music 2
10,stressed,Book 10,Book 1,Book 6,Film 6,Film 2,Film 5,Music 5,Music 9,Music 6
11,stressed,Book 3,Book 10,Book 1,Film 4,Film 1,Film 3,Music 6,Music 8,Music 10
12,relaxed,Book 4,Book 9,Book 2,Film 7,Film 4,Film 1,Music 5,Music 9,Music 2
13,relaxed,Book 2,Book 5,Book 9,Film 8,Film 2,Film 4,Music 3,Music 8,Music 6
14,happy,Book 8,Book 3,Book 4,Film 3,Film 10,Film 4,Music 4,Music 3,Music 6
15,happy,Book 7,Book 9,Book 4,Film 6,Film 10,Film 3,Music 4,Music 10,Music 8
16,happy,Book 1,Book 7,Book 2,Film 9,Film 6,Film 1,Music 9,Music 7,Music 2
17,sad,Book 1,Book 2,Book 7,Film 9,Film 1,Film 7,Music 4,Music 3,Music 2
18,relaxed,Book 2,Book 10,Book 4,Film 8,Film 3,Film 4,Music 8,Music 3,Music 1
19,stressed,Book 3,Book 4,Book 1,Film 4,Film 10,Film 2,Music 6,Music 4,Music 5
20,relaxed,Book 6,Book 1,Book 3,Film 3,Film 9,Film 6,Music 7,Music 10,Music 5
21,sad,Book 4,Book 10,Book 3,Film 8,Film 2,Film 5,Music 1,Music 10,Music 6
22,stressed,Book 6,Book 2,Book 1,Film 9,Film 7,Film 4,Music 4,Music 5,Music 10
23,stressed,Book 3,Book 4,Book 9,Film 3,Film 5,Film 2,Music 1,Music 6,Music 2
24,stressed,Book 1,Book 5,Book 3,Film 2,Film 8,Film 5,Music 5,Music 10,Music 6
25,stressed,Book 6,Book 4,Book 7,Film 6,Film 10,Film 8,Music 6,Music 10,Music 8
26,relaxed,Book 7,Book 1,Book 5,Film 7,Film 9,Film 6,Music 6,Music 5,Music 9
27,stressed,Book 6,Book 10,Book 7,Film 8,Film 9,Film 5,Music 9,Music 2,Music 5
28,sad,Book 9,Book 4,Book 3,Film 9,Film 3,Film 10,Music 1,Music 4,Music 3
29,relaxed,Book 10,Book 2,Book 6,Film 5,Film 1,Film 7,Music 5,Music 3,Music 7
30,stressed,Book 1,Book 7,Book 10,Film 3,Film 8,Film 6,Music 1,Music 6,Music 4
31,happy,Book 2,Book 4,Book 5,Film 1,Film 8,Film 7,Music 7,Music 10,Music 9
32,sad,Book 1,Book 6,Book 9,Film 3,Film 6,Film 5,Music 4,Music 2,Music 7
33,stressed,Book 3,Book 10,Book 6,Film 1,Film 2,Film 8,Music 2,Music 10,Music 7
34,relaxed,Book 1,Book 4,Book 6,Film 2,Film 9,Film 10,Music 1,Music 3,Music 8
35,relaxed,Book 4,Book 8,Book 1,Film 5,Film 3,Film 2,Music 5,Music 10,Music 7
36,relaxed,Book 2,Book 3,Book 5,Film 1,Film 7,Film 10,Music 10,Music 8,Music 4
37,stressed,Book 8,Book 6,Book 2,Film 2,Film 8,Film 1,Music 3,Music 4,Music 10
38,sad,Book 7,Book 1,Book 9,Film 7,Film 1,Film 5,Music 1,Music 8,Music 3
39,relaxed,Book 3,Book 1,Book 6,Film 7,Film 5,Film 4,Music 10,Music 5,Music 9
40,relaxed,Book 10,Book 3,Book 2,Film 10,Film 4,Film 7,Music 10,Music 8,Music 5
41,stressed,Book 6,Book 9,Book 10,Film 2,Film 4,Film 5,Music 9,Music 8,Music 6
42,relaxed,Book 4,Book 5,Book 2,Film 3,Film 7,Film 2,Music 6,Music 1,Music 4
43,relaxed,Book 10,Book 4,Book 3,Film 4,Film 8,Film 7,Music 6,Music 2,Music 4
44,relaxed,Book 7,Book 9,Book 5,Film 7,Film 3,Film 4,Music 6,Music 2,Music 10
45,stressed,Book 9,Book 2,Book 1,Film 3,Film 9,Film 6,Music 8,Music 2,Music 10
46,stressed,Book 7,Book 6,Book 2,Film 10,Film 3,Film 7,Music 7,Music 1,Music 2
47,happy,Book 4,Book 7,Book 1,Film 1,Film 3,Film 10,Music 3,Music 1,Music 8
48,happy,Book 4,Book 7,Book 3,Film 8,Film 7,Film 10,Music 9,Music 2,Music 1
49,sad,Book 2,Book 7,Book 1,Film 6,Film 1,Film 4,Music 3,Music 6,Music 10
50,stressed,Book 7,Book 10,Book 8,Film 10,Film 9,Film 3,Music 9,Music 2,Music 6
51,stressed,Book 2,Book 8,Book 3,Film 4,Film 8,Film 6,Music 8,Music 3,Music 6
52,relaxed,Book 1,Book 6,Book 8,Film 4,Film 6,Film 10,Music 5,Music 8,Music 2
53,stressed,Book 9,Book 4,Book 10,Film 7,Film 5,Film 3,Music 7,Music 9,Music 10
54,stressed,Book 1,Book 3,Book 7,Film 1,Film 6,Film 2,Music 4,Music 3,Music 6
55,stressed,Book 6,Book 9,Book 7,Film 5,Film 6,Film 4,Music 8,Music 10,Music 3
56,relaxed,Book 9,Book 7,Book 5,Film 7,Film 2,Film 5,Music 10,Music 2,Music 3
57,sad,Book 3,Book 8,Book 4,Film 2,Film 7,Film 10,Music 3,Music 2,Music 4
58,happy,Book 8,Book 10,Book 7,Film 10,Film 8,Film 6,Music 7,Music 10,Music 3
59,relaxed,Book 5,Book 4,Book 7,Film 10,Film 9,Film 5,Music 10,Music 6,Music 3
60,happy,Book 9,Book 5,Book 2,Film 5,Film 8,Film 4,Music 2,Music 7,Music 8
61,sad,Book 8,Book 7,Book 5,Film 9,Film 6,Film 1,Music 9,Music 6,Music 1
62,happy,Book 4,Book 6,Book 7,Film 8,Film 7,Film 3,Music 7,Music 9,Music 3
63,sad,Book 5,Book 9,Book 7,Film 8,Film 10,Film 7,Music 8,Music 10,Music 5
64,stressed,Book 3,Book 7,Book 1,Film 2,Film 9,Film 5,Music 7,Music 6,Music 10
65,sad,Book 10,Book 2,Book 6,Film 3,Film 1,Film 9,Music 3,Music 2,Music 7
66,relaxed,Book 9,Book 3,Book 4,Film 8,Film 7,Film 6,Music 5,Music 4,Music 2
67,relaxed,Book 7,Book 8,Book 6,Film 1,Film 6,Film 5,Music 1,Music 3,Music 7
68,sad,Book 2,Book 6,Book 8,Film 8,Film 6,Film 4,Music 6,Music 7,Music 3
69,stressed,Book 8,Book 2,Book 1,Film 8,Film 1,Film 9,Music 1,Music 2,Music 6
70,stressed,Book 8,Book 9,Book 5,Film 9,Film 10,Film 2,Music 5,Music 10,Music 9
71,sad,Book 1,Book 10,Book 9,Film 4,Film 8,Film 6,Music 1,Music 3,Music 10
72,relaxed,Book 1,Book 9,Book 4,Film 7,Film 10,Film 4,Music 7,Music 5,Music 9
73,stressed,Book 5,Book 2,Book 7,Film 9,Film 2,Film 7,Music 1,Music 4,Music 10
74,happy,Book 7,Book 1,Book 9,Film 8,Film 10,Film 2,Music 2,Music 3,Music 1
75,sad,Book 6,Book 8,Book 3,Film 4,Film 7,Film 8,Music 3,Music 1,Music 10
76,relaxed,Book 6,Book 4,Book 10,Film 1,Film 8,Film 10,Music 7,Music 10,Music 8
77,relaxed,Book 5,Book 7,Book 4,Film 8,Film 7,Film 9,Music 8,Music 2,Music 3
78,happy,Book 2,Book 8,Book 4,Film 2,Film 4,Film 6,Music 1,Music 4,Music 3
79,happy,Book 10,Book 9,Book 3,Film 2,Film 4,Film 7,Music 4,Music 3,Music 5
80,stressed,Book 7,Book 9,Book 1,Film 2,Film 8,Film 6,Music 3,Music 8,Music 6
81,happy,Book 2,Book 8,Book 10,Film 6,Film 2,Film 5,Music 1,Music 7,Music 4
82,stressed,Book 3,Book 1,Book 2,Film 10,Film 3,Film 1,Music 9,Music 1,Music 10
83,sad,Book 2,Book 3,Book 5,Film 3,Film 6,Film 10,Music 1,Music 5,Music 8
84,sad,Book 7,Book 6,Book 2,Film 1,Film 7,Film 8,Music 7,Music 10,Music 3
85,stressed,Book 3,Book 6,Book 2,Film 4,Film 8,Film 3,Music 4,Music 10,Music 1
86,happy,Book 3,Book 4,Book 5,Film 4,Film 2,Film 8,Music 9,Music 1,Music 4
87,sad,Book 3,Book 9,Book 6,Film 4,Film 2,Film 9,Music 6,Music 9,Music 2
88,relaxed,Book 7,Book 3,Book 4,Film 6,Film 5,Film 9,Music 7,Music 5,Music 9
89,happy,Book 9,Book 6,Book 8,Film 8,Film 5,Film 2,Music 8,Music 6,Music 10
90,happy,Book 7,Book 4,Book 3,Film 4,Film 7,Film 1,Music 8,Music 10,Music 2
91,relaxed,Book 10,Book 9,Book 4,Film 9,Film 3,Film 1,Music 6,Music 3,Music 7
92,stressed,Book 4,Book 10,Book 9,Film 5,Film 9,Film 7,Music 9,Music 3,Music 5
93,happy,Book 4,Book 10,Book 2,Film 8,Film 4,Film 2,Music 7,Music 3,Music 10
94,happy,Book 4,Book 1,Book 7,Film 7,Film 6,Film 5,Music 2,Music 10,Music 1
95,stressed,Book 5,Book 10,Book 8,Film 4,Film 2,Film 3,Music 1,Music 2,Music 3
96,happy,Book 3,Book 4,Book 6,Film 7,Film 10,Film 2,Music 3,Music 1,Music 10
97,relaxed,Book 9,Book 3,Book 8,Film 4,Film 3,Film 5,Music 8,Music 10,Music 4
98,happy,Book 3,Book 4,Book 1,Film 10,Film 8,Film 5,Music 2,Music 6,Music 8
99,happy,Book 10,Book 8,Book 4,Film 8,Film 6,Film 10,Music 4,Music 3,Music 5
100,happy,Book 7,Book 6,Book 1,Film 9,Film 5,Film 7,Music 9,Music 3,Music 6
101,relaxed,Book 7,Book 4,Book 8,Film 8,Film 10,Film 9,Music 6,Music 2,Music 3
102,happy,Book 6,Book 4,Book 7,Film 1,Film 8,Film 6,Music 1,Music 5,Music 7
103,sad,Book 7,Book 3,Book 8,Film 10,Film 4,Film 5,Music 6,Music 4,Music 7
104,relaxed,Book 8,Book 10,Book 5,Film 1,Film 6,Film 3,Music 1,Music 4,Music 9
105,happy,Book 6,Book 10,Book 4,Film 7,Film 4,Film 8,Music 9,Music 7,Music 10
106,relaxed,Book 4,Book 2,Book 9,Film 5,Film 2,Film 3,Music 1,Music 2,Music 7
107,sad,Book 3,Book 8,Book 7,Film 4,Film 1,Film 9,Music 7,Music 9,Music 5
108,sad,Book 10,Book 3,Book 5,Film 2,Film 6,Film 4,Music 6,Music 1,Music 8
109,sad,Book 9,Book 7,Book 2,Film 10,Film 8,Film 1,Music 8,Music 5,Music 9
110,happy,Book 1,Book 9,Book 10,Film 8,Film 9,Film 3,Music 6,Music 4,Music 3
111,happy,Book 7,Book 2,Book 3,Film 5,Film 10,Film 4,Music 3,Music 7,Music 5
112,happy,Book 1,Book 3,Book 4,Film 9,Film 6,Film 4,Music 7,Music 3,Music 4
113,stressed,Book 3,Book 8,Book 2,Film 5,Film 10,Film 4,Music 6,Music 10,Music 2
114,sad,Book 8,Book 7,Book 10,Film 10,Film 8,Film 3,Music 1,Music 3,Music 4
115,sad,Book 3,Book 4,Book 8,Film 9,Film 5,Film 3,Music 7,Music 9,Music 1
116,relaxed,Book 2,Book 7,Book 1,Film 10,Film 1,Film 6,Music 1,Music 9,Music 5
117,relaxed,Book 2,Book 7,Book 3,Film 4,Film 7,Film 10,Music 3,Music 9,Music 2
118,relaxed,Book 6,Book 8,Book 1,Film 10,Film 5,Film 9,Music 6,Music 2,Music 7
119,relaxed,Book 2,Book 1,Book 8,Film 2,Film 8,Film 3,Music 5,Music 7,Music 10
120,relaxed,Book 10,Book 2,Book 6,Film 1,Film 6,Film 2,Music 3,Music 9,Music 5
121,stressed,Book 2,Book 5,Book 8,Film 6,Film 2,Film 4,Music 1,Music 5,Music 3
122,sad,Book 1,Book 2,Book 4,Film 8,Film 5,Film 7,Music 8,Music 1,Music 3
123,sad,Book 2,Book 1,Book 8,Film 1,Film 7,Film 9,Music 1,Music 5,Music 9
124,sad,Book 1,Book 3,Book 9,Film 4,Film 7,Film 1,Music 1,Music 3,Music 4
125,stressed,Book 6,Book 8,Book 9,Film 9,Film 4,Film 3,Music 7,Music 5,Music 3
126,happy,Book 6,Book 3,Book 4,Film 6,Film 3,Film 7,Music 5,Music 7,Music 4
127,happy,Book 9,Book 5,Book 2,Film 3,Film 6,Film 5,Music 5,Music 10,Music 3
128,happy,Book 5,Book 2,Book 9,Film 1,Film 6,Film 10,Music 5,Music 3,Music 1
129,happy,Book 1,Book 2,Book 7,Film 2,Film 1,Film 3,Music 3,Music 7,Music 2
130,sad,Book 9,Book 10,Book 7,Film 8,Film 4,Film 3,Music 10,Music 5,Music 8
131,stressed,Book 9,Book 1,Book 10,Film 10,Film 8,Film 5,Music 10,Music 4,Music 9
132,happy,Book 1,Book 10,Book 6,Film 10,Film 6,Film 5,Music 4,Music 9,Music 3
133,happy,Book 6,Book 2,Book 10,Film 2,Film 3,Film 10,Music 3,Music 8,Music 7
134,happy,Book 9,Book 5,Book 4,Film 3,Film 8,Film 9,Music 7,Music 3,Music 5
135,sad,Book 6,Book 2,Book 4,Film 9,Film 10,Film 6,Music 7,Music 2,Music 9
136,relaxed,Book 3,Book 5,Book 1,Film 8,Film 6,Film 4,Music 6,Music 10,Music 8
137,sad,Book 10,Book 8,Book 5,Film 4,Film 1,Film 10,Music 4,Music 6,Music 5
138,relaxed,Book 1,Book 2,Book 9,Film 1,Film 5,Film 4,Music 2,Music 4,Music 3
139,happy,Book 6,Book 5,Book 2,Film 4,Film 7,Film 3,Music 2,Music 8,Music 6
140,stressed,Book 4,Book 2,Book 6,Film 7,Film 4,Film 9,Music 2,Music 4,Music 6
141,stressed,Book 7,Book 6,Book 3,Film 4,Film 9,Film 8,Music 3,Music 9,Music 10
142,happy,Book 6,Book 10,Book 5,Film 3,Film 1,Film 9,Music 3,Music 2,Music 5
143,relaxed,Book 8,Book 5,Book 4,Film 4,Film 10,Film 9,Music 3,Music 2,Music 10
144,happy,Book 6,Book 2,Book 1,Film 3,Film 4,Film 5,Music 1,Music 5,Music 3
145,relaxed,Book 4,Book 9,Book 6,Film 10,Film 3,Film 5,Music 2,Music 7,Music 5
146,happy,Book 7,Book 1,Book 2,Film 7,Film 3,Film 5,Music 8,Music 6,Music 2
147,stressed,Book 2,Book 7,Book 5,Film 5,Film 9,Film 1,Music 4,Music 7,Music 3
148,happy,Book 5,Book 4,Book 8,Film 5,Film 1,Film 4,Music 2,Music 6,Music 3
149,stressed,Book 2,Book 9,Book 10,Film 3,Film 5,Film 6,Music 10,Music 5,Music 8
150,happy,Book 10,Book 1,Book 9,Film 10,Film 1,Film 3,Music 8,Music 4,Music 6
151,happy,Book 2,Book 9,Book 7,Film 4,Film 1,Film 3,Music 7,Music 5,Music 3
152,sad,Book 10,Book 7,Book 4,Film 10,Film 9,Film 7,Music 8,Music 1,Music 10
153,relaxed,Book 1,Book 2,Book 10,Film 8,Film 1,Film 3,Music 2,Music 8,Music 5
154,sad,Book 7,Book 3,Book 9,Film 8,Film 1,Film 6,Music 1,Music 4,Music 8
155,happy,Book 3,Book 8,Book 7,Film 1,Film 3,Film 10,Music 2,Music 4,Music 9
156,stressed,Book 8,Book 3,Book 1,Film 1,Film 8,Film 2,Music 7,Music 5,Music 1
157,stressed,Book 7,Book 4,Book 3,Film 8,Film 9,Film 6,Music 6,Music 2,Music 3
158,relaxed,Book 1,Book 6,Book 9,Film 4,Film 8,Film 3,Music 10,Music 4,Music 8
159,sad,Book 7,Book 3,Book 1,Film 9,Film 6,Film 7,Music 2,Music 3,Music 4
160,relaxed,Book 4,Book 3,Book 5,Film 7,Film 6,Film 3,Music 8,Music 6,Music 9
161,stressed,Book 5,Book 7,Book 1,Film 7,Film 3,Film 4,Music 2,Music 9,Music 5
162,relaxed,Book 1,Book 8,Book 6,Film 5,Film 10,Film 2,Music 7,Music 8,Music 4
163,stressed,Book 7,Book 3,Book 2,Film 5,Film 7,Film 3,Music 8,Music 6,Music 1
164,relaxed,Book 4,Book 1,Book 3,Film 7,Film 2,Film 4,Music 10,Music 6,Music 8
165,stressed,Book 5,Book 8,Book 6,Film 9,Film 3,Film 4,Music 5,Music 1,Music 4
166,sad,Book 6,Book 2,Book 4,Film 2,Film 9,Film 5,Music 5,Music 9,Music 10
167,stressed,Book 6,Book 8,Book 7,Film 1,Film 5,Film 4,Music 8,Music 7,Music 9
168,stressed,Book 4,Book 9,Book 10,Film 8,Film 2,Film 5,Music 5,Music 1,Music 10
169,stressed,Book 6,Book 7,Book 1,Film 7,Film 5,Film 9,Music 7,Music 9,Music 4
170,stressed,Book 3,Book 1,Book 9,Film 5,Film 7,Film 1,Music 8,Music 4,Music 9
171,stressed,Book 8,Book 5,Book 1,Film 5,Film 10,Film 6,Music 9,Music 5,Music 2
172,sad,Book 10,Book 4,Book 8,Film 8,Film 2,Film 1,Music 3,Music 4,Music 5
173,relaxed,Book 5,Book 8,Book 2,Film 10,Film 7,Film 9,Music 10,Music 3,Music 9
174,sad,Book 6,Book 9,Book 5,Film 5,Film 9,Film 3,Music 6,Music 5,Music 8
175,relaxed,Book 7,Book 1,Book 8,Film 6,Film 4,Film 8,Music 9,Music 2,Music 7
176,stressed,Book 4,Book 3,Book 8,Film 4,Film 6,Film 8,Music 6,Music 9,Music 8
177,sad,Book 5,Book 2,Book 4,Film 4,Film 3,Film 10,Music 8,Music 9,Music 6
178,happy,Book 8,Book 1,Book 2,Film 4,Film 6,Film 7,Music 3,Music 7,Music 5
179,happy,Book 6,Book 7,Book 1,Film 2,Film 9,Film 7,Music 5,Music 4,Music 9
180,stressed,Book 1,Book 9,Book 3,Film 9,Film 8,Film 5,Music 6,Music 9,Music 7
181,happy,Book 6,Book 5,Book 1,Film 8,Film 1,Film 9,Music 2,Music 8,Music 3
182,relaxed,Book 4,Book 1,Book 10,Film 1,Film 9,Film 6,Music 3,Music 1,Music 7
183,sad,Book 10,Book 7,Book 8,Film 4,Film 8,Film 1,Music 4,Music 9,Music 8
184,relaxed,Book 2,Book 3,Book 4,Film 5,Film 3,Film 8,Music 3,Music 9,Music 2
185,sad,Book 9,Book 7,Book 6,Film 7,Film 3,Film 8,Music 7,Music 6,Music 10
186,relaxed,Book 3,Book 5,Book 8,Film 10,Film 8,Film 7,Music 8,Music 4,Music 3
187,sad,Book 3,Book 2,Book 8,Film 3,Film 2,Film 5,Music 2,Music 6,Music 5
188,sad,Book 10,Book 4,Book 1,Film 5,Film 8,Film 4,Music 1,Music 2,Music 4
189,stressed,Book 6,Book 10,Book 3,Film 1,Film 5,Film 8,Music 6,Music 3,Music 9
190,happy,Book 3,Book 8,Book 6,Film 3,Film 5,Film 2,Music 1,Music 10,Music 2
191,sad,Book 2,Book 1,Book 7,Film 3,Film 9,Film 1,Music 8,Music 9,Music 3
192,relaxed,Book 10,Book 8,Book 6,Film 9,Film 2,Film 5,Music 9,Music 1,Music 7
193,sad,Book 9,Book 3,Book 1,Film 4,Film 10,Film 7,Music 7,Music 9,Music 8
194,sad,Book 9,Book 1,Book 4,Film 2,Film 9,Film 10,Music 6,Music 7,Music 5
195,relaxed,Book 2,Book 7,Book 4,Film 8,Film 5,Film 1,Music 8,Music 2,Music 6
196,sad,Book 6,Book 1,Book 7,Film 8,Film 6,Film 4,Music 3,Music 2,Music 7
197,sad,Book 3,Book 1,Book 6,Film 8,Film 5,Film 10,Music 4,Music 1,Music 8
198,sad,Book 9,Book 6,Book 5,Film 9,Film 3,Film 6,Music 5,Music 10,Music 6
199,stressed,Book 7,Book 2,Book 6,Film 8,Film 3,Film 6,Music 8,Music 5,Music 1
200,sad,Book 7,Book 10,Book 6,Film 7,Film 8,Film 4,Music 10,Music 9,Music 8
201,relaxed,Book 3,Book 6,Book 4,Film 10,Film 5,Film 7,Music 7,Music 8,Music 1
202,stressed,Book 5,Book 1,Book 3,Film 7,Film 4,Film 6,Music 5,Music 3,Music 4
203,stressed,Book 1,Book 5,Book 10,Film 7,Film 5,Film 1,Music 10,Music 1,Music 6
204,relaxed,Book 6,Book 4,Book 5,Film 8,Film 10,Film 9,Music 8,Music 5,Music 3
205,relaxed,Book 5,Book 2,Book 6,Film 1,Film 4,Film 6,Music 10,Music 2,Music 8
206,stressed,Book 3,Book 1,Book 5,Film 6,Film 2,Film 7,Music 10,Music 3,Music 9
207,happy,Book 5,Book 7,Book 8,Film 7,Film 3,Film 2,Music 10,Music 2,Music 1
208,stressed,Book 8,Book 9,Book 5,Film 5,Film 4,Film 9,Music 8,Music 7,Music 3
209,sad,Book 4,Book 5,Book 10,Film 2,Film 4,Film 9,Music 4,Music 6,Music 2
210,relaxed,Book 5,Book 7,Book 10,Film 3,Film 5,Film 1,Music 8,Music 3,Music 4
211,stressed,Book 4,Book 7,Book 1,Film 3,Film 9,Film 4,Music 7,Music 5,Music 2
212,stressed,Book 7,Book 8,Book 10,Film 9,Film 3,Film 8,Music 2,Music 7,Music 4
213,relaxed,Book 7,Book 4,Book 8,Film 9,Film 5,Film 8,Music 7,Music 4,Music 6
214,happy,Book 9,Book 2,Book 1,Film 1,Film 10,Film 8,Music 6,Music 4,Music 10
215,sad,Book 7,Book 9,Book 5,Film 5,Film 3,Film 2,Music 1,Music 10,Music 7
216,happy,Book 7,Book 2,Book 10,Film 3,Film 6,Film 9,Music 8,Music 5,Music 1
217,happy,Book 7,Book 5,Book 4,Film 3,Film 1,Film 5,Music 1,Music 9,Music 6
218,relaxed,Book 3,Book 2,Book 5,Film 9,Film 6,Film 10,Music 10,Music 3,Music 4
219,happy,Book 3,Book 7,Book 2,Film 4,Film 3,Film 10,Music 3,Music 6,Music 4
220,happy,Book 6,Book 8,Book 10,Film 7,Film 6,Film 5,Music 3,Music 9,Music 10
221,happy,Book 9,Book 4,Book 6,Film 8,Film 9,Film 3,Music 10,Music 3,Music 2
222,stressed,Book 7,Book 9,Book 4,Film 9,Film 2,Film 3,Music 1,Music 8,Music 7
223,relaxed,Book 7,Book 2,Book 1,Film 10,Film 6,Film 8,Music 6,Music 10,Music 9
224,stressed,Book 5,Book 9,Book 10,Film 3,Film 7,Film 4,Music 6,Music 10,Music 9
225,happy,Book 10,Book 3,Book 9,Film 7,Film 3,Film 2,Music 7,Music 3,Music 1
226,stressed,Book 1,Book 3,Book 10,Film 3,Film 9,Film 4,Music 7,Music 3,Music 9
227,relaxed,Book 2,Book 7,Book 6,Film 7,Film 3,Film 5,Music 6,Music 7,Music 1
228,relaxed,Book 6,Book 10,Book 1,Film 2,Film 6,Film 10,Music 9,Music 7,Music 2
229,sad,Book 6,Book 2,Book 5,Film 9,Film 10,Film 2,Music 1,Music 10,Music 5
230,relaxed,Book 2,Book 7,Book 6,Film 3,Film 1,Film 5,Music 5,Music 9,Music 4
231,sad,Book 4,Book 6,Book 7,Film 7,Film 8,Film 3,Music 8,Music 10,Music 5
232,sad,Book 2,Book 4,Book 9,Film 7,Film 1,Film 9,Music 6,Music 1,Music 4
233,happy,Book 7,Book 2,Book 4,Film 6,Film 8,Film 2,Music 4,Music 1,Music 6
234,happy,Book 6,Book 3,Book 5,Film 1,Film 6,Film 3,Music 10,Music 3,Music 9
235,sad,Book 7,Book 6,Book 4,Film 4,Film 7,Film 6,Music 8,Music 3,Music 4
236,sad,Book 10,Book 7,Book 3,Film 6,Film 9,Film 10,Music 7,Music 10,Music 2
237,relaxed,Book 8,Book 5,Book 10,Film 1,Film 7,Film 5,Music 4,Music 7,Music 9
238,happy,Book 1,Book 10,Book 5,Film 8,Film 6,Film 10,Music 5,Music 2,Music 7
239,relaxed,Book 1,Book 4,Book 9,Film 3,Film 6,Film 8,Music 10,Music 7,Music 3
240,stressed,Book 1,Book 7,Book 8,Film 2,Film 6,Film 10,Music 5,Music 2,Music 1
241,happy,Book 6,Book 7,Book 2,Film 2,Film 4,Film 8,Music 7,Music 3,Music 8
242,happy,Book 1,Book 9,Book 5,Film 7,Film 5,Film 9,Music 4,Music 1,Music 3
243,stressed,Book 6,Book 3,Book 5,Film 7,Film 10,Film 9,Music 6,Music 10,Music 4
244,happy,Book 7,Book 5,Book 9,Film 4,Film 1,Film 8,Music 8,Music 4,Music 5
245,sad,Book 4,Book 2,Book 3,Film 6,Film 8,Film 1,Music 3,Music 6,Music 1
246,relaxed,Book 3,Book 10,Book 4,Film 1,Film 4,Film 7,Music 10,Music 1,Music 9
247,relaxed,Book 8,Book 1,Book 5,Film 10,Film 3,Film 2,Music 6,Music 10,Music 2
248,stressed,Book 1,Book 6,Book 10,Film 8,Film 6,Film 2,Music 2,Music 8,Music 7
249,relaxed,Book 9,Book 5,Book 7,Film 8,Film 2,Film 1,Music 9,Music 5,Music 7
250,stressed,Book 9,Book 6,Book 4,Film 3,Film 10,Film 6,Music 5,Music 7,Music 9
251,happy,Book 2,Book 4,Book 7,Film 7,Film 4,Film 10,Music 5,Music 1,Music 8
252,sad,Book 9,Book 5,Book 1,Film 1,Film 9,Film 4,Music 9,Music 10,Music 1
253,sad,Book 4,Book 9,Book 5,Film 4,Film 1,Film 6,Music 6,Music 3,Music 1
254,relaxed,Book 6,Book 9,Book 7,Film 9,Film 2,Film 7,Music 10,Music 9,Music 2
255,stressed,Book 1,Book 5,Book 10,Film 1,Film 4,Film 10,Music 9,Music 2,Music 6
256,relaxed,Book 2,Book 10,Book 1,Film 4,Film 1,Film 3,Music 8,Music 7,Music 1
257,happy,Book 1,Book 7,Book 2,Film 3,Film 10,Film 1,Music 1,Music 8,Music 6
258,stressed,Book 6,Book 10,Book 3,Film 8,Film 3,Film 4,Music 8,Music 1,Music 6
259,happy,Book 4,Book 3,Book 2,Film 10,Film 4,Film 2,Music 7,Music 4,Music 5
260,sad,Book 1,Book 2,Book 7,Film 1,Film 10,Film 7,Music 1,Music 10,Music 4
261,happy,Book 6,Book 8,Book 5,Film 10,Film 8,Film 6,Music 9,Music 1,Music 4
262,stressed,Book 6,Book 3,Book 8,Film 5,Film 9,Film 8,Music 7,Music 3,Music 5
263,stressed,Book 8,Book 9,Book 3,Film 9,Film 6,Film 10,Music 10,Music 5,Music 2
264,sad,Book 1,Book 6,Book 5,Film 9,Film 10,Film 1,Music 5,Music 9,Music 1
265,happy,Book 5,Book 9,Book 4,Film 10,Film 4,Film 5,Music 2,Music 5,Music 7
266,happy,Book 6,Book 2,Book 10,Film 8,Film 9,Film 10,Music 4,Music 9,Music 6
267,happy,Book 8,Book 3,Book 10,Film 7,Film 8,Film 3,Music 2,Music 8,Music 5
268,stressed,Book 4,Book 5,Book 9,Film 4,Film 3,Film 5,Music 2,Music 6,Music 3
269,sad,Book 3,Book 2,Book 8,Film 5,Film 3,Film 1,Music 6,Music 1,Music 4
270,sad,Book 4,Book 9,Book 1,Film 7,Film 2,Film 5,Music 6,Music 4,Music 7
271,relaxed,Book 2,Book 7,Book 6,Film 6,Film 9,Film 10,Music 6,Music 7,Music 2
272,happy,Book 3,Book 2,Book 5,Film 1,Film 9,Film 10,Music 3,Music 1,Music 4
273,relaxed,Book 10,Book 2,Book 6,Film 6,Film 1,Film 5,Music 4,Music 3,Music 7
274,relaxed,Book 10,Book 4,Book 3,Film 10,Film 5,Film 1,Music 2,Music 5,Music 4
275,stressed,Book 9,Book 1,Book 4,Film 1,Film 7,Film 3,Music 5,Music 10,Music 3
276,sad,Book 7,Book 1,Book 10,Film 6,Film 5,Film 1,Music 5,Music 1,Music 8
277,sad,Book 8,Book 3,Book 9,Film 3,Film 8,Film 7,Music 7,Music 10,Music 9
278,relaxed,Book 4,Book 6,Book 8,Film 1,Film 4,Film 10,Music 7,Music 4,Music 5
279,happy,Book 7,Book 2,Book 4,Film 3,Film 6,Film 4,Music 2,Music 6,Music 5
280,stressed,Book 3,Book 4,Book 5,Film 9,Film 8,Film 10,Music 1,Music 3,Music 10
281,relaxed,Book 8,Book 6,Book 7,Film 9,Film 5,Film 2,Music 9,Music 3,Music 5
282,sad,Book 7,Book 6,Book 1,Film 6,Film 9,Film 2,Music 1,Music 5,Music 8
283,stressed,Book 2,Book 6,Book 8,Film 5,Film 7,Film 10,Music 3,Music 8,Music 6
284,relaxed,Book 9,Book 5,Book 7,Film 2,Film 10,Film 5,Music 1,Music 3,Music 4
285,happy,Book 8,Book 5,Book 4,Film 8,Film 4,Film 5,Music 4,Music 7,Music 10
286,stressed,Book 3,Book 9,Book 4,Film 8,Film 3,Film 4,Music 10,Music 1,Music 7
287,relaxed,Book 5,Book 4,Book 1,Film 8,Film 3,Film 9,Music 7,Music 9,Music 4
288,stressed,Book 4,Book 10,Book 1,Film 10,Film 6,Film 2,Music 6,Music 2,Music 1
289,happy,Book 3,Book 2,Book 6,Film 2,Film 1,Film 6,Music 1,Music 2,Music 4
290,happy,Book 4,Book 5,Book 3,Film 8,Film 5,Film 4,Music 4,Music 9,Music 2
291,sad,Book 5,Book 1,Book 8,Film 7,Film 4,Film 10,Music 8,Music 10,Music 2
292,stressed,Book 1,Book 8,Book 4,Film 5,Film 4,Film 10,Music 10,Music 7,Music 9
293,stressed,Book 6,Book 5,Book 9,Film 8,Film 4,Film 6,Music 10,Music 3,Music 4
294,stressed,Book 10,Book 5,Book 9,Film 9,Film 1,Film 3,Music 2,Music 8,Music 5
295,stressed,Book 1,Book 5,Book 10,Film 2,Film 8,Film 1,Music 1,Music 5,Music 10
296,relaxed,Book 4,Book 5,Book 2,Film 10,Film 5,Film 9,Music 5,Music 8,Music 1
297,relaxed,Book 9,Book 5,Book 1,Film 4,Film 6,Film 9,Music 4,Music 2,Music 5
298,sad,Book 6,Book 3,Book 9,Film 4,Film 6,Film 10,Music 5,Music 2,Music 4
299,stressed,Book 7,Book 2,Book 4,Film 10,Film 4,Film 1,Music 4,Music 7,Music 1
300,happy,Book 7,Book 10,Book 6,Film 5,Film 10,Film 7,Music 3,Music 4,Music 9
301,stressed,Book 3,Book 2,Book 1,Film 2,Film 3,Film 7,Music 6,Music 9,Music 10
302,happy,Book 2,Book 10,Book 3,Film 3,Film 1,Film 4,Music 4,Music 1,Music 5
303,stressed,Book 6,Book 4,Book 9,Film 6,Film 10,Film 7,Music 8,Music 3,Music 4
304,happy,Book 8,Book 2,Book 10,Film 7,Film 8,Film 3,Music 9,Music 1,Music 2
305,sad,Book 2,Book 7,Book 5,Film 9,Film 8,Film 7,Music 7,Music 5,Music 9
306,sad,Book 10,Book 4,Book 7,Film 10,Film 7,Film 9,Music 4,Music 6,Music 2
307,sad,Book 2,Book 7,Book 6,Film 9,Film 4,Film 8,Music 4,Music 10,Music 5
308,happy,Book 8,Book 10,Book 1,Film 10,Film 3,Film 1,Music 7,Music 1,Music 3
309,relaxed,Book 6,Book 4,Book 1,Film 10,Film 9,Film 2,Music 5,Music 1,Music 3
310,happy,Book 4,Book 10,Book 8,Film 3,Film 5,Film 6,Music 6,Music 5,Music 7
311,sad,Book 7,Book 10,Book 3,Film 6,Film 4,Film 8,Music 9,Music 2,Music 4
312,happy,Book 5,Book 9,Book 8,Film 3,Film 9,Film 7,Music 1,Music 10,Music 9
313,sad,Book 10,Book 2,Book 4,Film 7,Film 1,Film 2,Music 2,Music 9,Music 7
314,sad,Book 5,Book 1,Book 6,Film 5,Film 3,Film 8,Music 7,Music 10,Music 8
315,relaxed,Book 8,Book 6,Book 3,Film 3,Film 5,Film 1,Music 1,Music 6,Music 7
316,sad,Book 7,Book 1,Book 3,Film 6,Film 8,Film 7,Music 10,Music 6,Music 8
317,happy,Book 9,Book 5,Book 7,Film 4,Film 2,Film 9,Music 8,Music 7,Music 10
318,stressed,Book 6,Book 10,Book 5,Film 10,Film 3,Film 6,Music 4,Music 5,Music 8
319,sad,Book 2,Book 7,Book 9,Film 5,Film 9,Film 10,Music 2,Music 4,Music 10
320,stressed,Book 7,Book 5,Book 6,Film 4,Film 3,Film 9,Music 6,Music 9,Music 2
321,stressed,Book 6,Book 1,Book 2,Film 8,Film 7,Film 3,Music 1,Music 8,Music 2
322,relaxed,Book 1,Book 2,Book 3,Film 8,Film 9,Film 5,Music 3,Music 7,Music 10
323,stressed,Book 8,Book 5,Book 1,Film 10,Film 4,Film 8,Music 3,Music 8,Music 7
324,happy,Book 6,Book 9,Book 3,Film 3,Film 2,Film 4,Music 8,Music 1,Music 10
325,sad,Book 5,Book 2,Book 10,Film 10,Film 5,Film 3,Music 2,Music 4,Music 3
326,relaxed,Book 4,Book 8,Book 2,Film 9,Film 1,Film 3,Music 10,Music 9,Music 4
327,happy,Book 10,Book 3,Book 2,Film 6,Film 1,Film 4,Music 2,Music 8,Music 7
328,stressed,Book 3,Book 8,Book 5,Film 6,Film 7,Film 8,Music 9,Music 3,Music 10
329,relaxed,Book 7,Book 4,Book 5,Film 6,Film 4,Film 8,Music 5,Music 8,Music 7
330,relaxed,Book 5,Book 3,Book 7,Film 7,Film 4,Film 3,Music 8,Music 5,Music 4
331,relaxed,Book 5,Book 3,Book 1,Film 9,Film 4,Film 8,Music 7,Music 5,Music 8
332,sad,Book 4,Book 6,Book 3,Film 6,Film 3,Film 4,Music 3,Music 8,Music 4
333,relaxed,Book 9,Book 3,Book 8,Film 8,Film 4,Film 9,Music 7,Music 5,Music 3
334,sad,Book 6,Book 8,Book 5,Film 5,Film 3,Film 1,Music 7,Music 4,Music 9
335,sad,Book 2,Book 10,Book 8,Film 2,Film 7,Film 4,Music 7,Music 4,Music 1
336,relaxed,Book 5,Book 3,Book 7,Film 8,Film 7,Film 4,Music 10,Music 5,Music 2
337,relaxed,Book 8,Book 3,Book 9,Film 1,Film 4,Film 10,Music 10,Music 8,Music 2
338,stressed,Book 6,Book 3,Book 10,Film 5,Film 6,Film 4,Music 6,Music 1,Music 5
339,relaxed,Book 4,Book 3,Book 1,Film 1,Film 4,Film 3,Music 1,Music 5,Music 3
340,sad,Book 3,Book 5,Book 6,Film 9,Film 8,Film 7,Music 9,Music 8,Music 3
341,stressed,Book 8,Book 4,Book 10,Film 6,Film 4,Film 8,Music 2,Music 5,Music 7
342,relaxed,Book 1,Book 3,Book 2,Film 1,Film 7,Film 3,Music 6,Music 7,Music 8
343,happy,Book 2,Book 8,Book 10,Film 3,Film 6,Film 8,Music 2,Music 10,Music 8
344,stressed,Book 4,Book 5,Book 8,Film 9,Film 8,Film 10,Music 10,Music 8,Music 7
345,stressed,Book 4,Book 6,Book 1,Film 6,Film 5,Film 1,Music 6,Music 9,Music 2
346,sad,Book 8,Book 5,Book 2,Film 2,Film 1,Film 6,Music 6,Music 3,Music 1
347,stressed,Book 7,Book 9,Book 4,Film 6,Film 2,Film 5,Music 2,Music 9,Music 1
348,sad,Book 5,Book 3,Book 2,Film 4,Film 10,Film 7,Music 4,Music 6,Music 1
349,sad,Book 3,Book 5,Book 2,Film 10,Film 2,Film 6,Music 9,Music 1,Music 10
350,stressed,Book 5,Book 10,Book 1,Film 7,Film 8,Film 4,Music 8,Music 7,Music 10
351,happy,Book 3,Book 1,Book 6,Film 6,Film 7,Film 4,Music 8,Music 7,Music 10
352,sad,Book 1,Book 7,Book 8,Film 6,Film 7,Film 8,Music 4,Music 2,Music 8
353,sad,Book 6,Book 7,Book 2,Film 5,Film 2,Film 9,Music 2,Music 7,Music 5
354,sad,Book 5,Book 8,Book 9,Film 2,Film 4,Film 6,Music 6,Music 9,Music 5
355,relaxed,Book 7,Book 8,Book 9,Film 7,Film 6,Film 2,Music 8,Music 2,Music 1
356,relaxed,Book 4,Book 1,Book 7,Film 5,Film 1,Film 2,Music 7,Music 3,Music 6
357,stressed,Book 7,Book 2,Book 5,Film 5,Film 10,Film 2,Music 4,Music 5,Music 3
358,sad,Book 6,Book 10,Book 4,Film 7,Film 3,Film 4,Music 4,Music 3,Music 1
359,happy,Book 3,Book 7,Book 6,Film 8,Film 1,Film 2,Music 4,Music 7,Music 9
360,relaxed,Book 9,Book 4,Book 2,Film 8,Film 2,Film 6,Music 10,Music 8,Music 5
361,relaxed,Book 6,Book 9,Book 8,Film 6,Film 3,Film 10,Music 9,Music 7,Music 1
362,relaxed,Book 5,Book 4,Book 6,Film 8,Film 3,Film 5,Music 8,Music 9,Music 7
363,stressed,Book 2,Book 3,Book 6,Film 4,Film 3,Film 8,Music 6,Music 7,Music 4
364,relaxed,Book 8,Book 3,Book 5,Film 8,Film 1,Film 7,Music 10,Music 6,Music 1
365,stressed,Book 8,Book 5,Book 3,Film 3,Film 4,Film 1,Music 3,Music 4,Music 1
366,happy,Book 9,Book 7,Book 5,Film 6,Film 7,Film 8,Music 8,Music 5,Music 10
367,sad,Book 7,Book 9,Book 8,Film 9,Film 6,Film 4,Music 9,Music 3,Music 1
368,relaxed,Book 2,Book 7,Book 10,Film 5,Film 8,Film 3,Music 9,Music 6,Music 1
369,stressed,Book 10,Book 6,Book 5,Film 3,Film 4,Film 9,Music 3,Music 9,Music 7
370,sad,Book 10,Book 6,Book 2,Film 2,Film 3,Film 8,Music 10,Music 4,Music 6
371,sad,Book 6,Book 3,Book 10,Film 10,Film 7,Film 2,Music 1,Music 10,Music 5
372,stressed,Book 3,Book 1,Book 6,Film 1,Film 9,Film 8,Music 6,Music 1,Music 7
373,happy,Book 4,Book 2,Book 6,Film 10,Film 2,Film 5,Music 6,Music 7,Music 5
374,sad,Book 5,Book 10,Book 8,Film 6,Film 9,Film 7,Music 8,Music 1,Music 3
375,sad,Book 7,Book 4,Book 3,Film 3,Film 4,Film 8,Music 5,Music 10,Music 6
376,stressed,Book 7,Book 5,Book 9,Film 4,Film 3,Film 6,Music 3,Music 2,Music 8
377,sad,Book 8,Book 7,Book 9,Film 9,Film 3,Film 8,Music 6,Music 8,Music 2
378,sad,Book 9,Book 7,Book 5,Film 5,Film 10,Film 3,Music 3,Music 5,Music 2
379,sad,Book 5,Book 2,Book 6,Film 5,Film 4,Film 7,Music 4,Music 9,Music 5
380,stressed,Book 9,Book 8,Book 7,Film 9,Film 4,Film 2,Music 2,Music 9,Music 7
381,sad,Book 1,Book 4,Book 6,Film 5,Film 1,Film 6,Music 8,Music 3,Music 4
382,sad,Book 9,Book 7,Book 2,Film 8,Film 4,Film 7,Music 2,Music 9,Music 8
383,relaxed,Book 10,Book 3,Book 5,Film 6,Film 5,Film 7,Music 6,Music 9,Music 10
384,stressed,Book 10,Book 6,Book 8,Film 1,Film 3,Film 5,Music 1,Music 5,Music 10
385,happy,Book 2,Book 1,Book 8,Film 8,Film 4,Film 7,Music 2,Music 4,Music 9
386,sad,Book 7,Book 6,Book 4,Film 5,Film 8,Film 4,Music 6,Music 1,Music 4
387,relaxed,Book 5,Book 3,Book 2,Film 6,Film 4,Film 1,Music 7,Music 8,Music 10
388,stressed,Book 6,Book 7,Book 9,Film 5,Film 10,Film 4,Music 9,Music 3,Music 2
389,stressed,Book 7,Book 9,Book 1,Film 3,Film 4,Film 7,Music 6,Music 2,Music 10
390,relaxed,Book 10,Book 1,Book 2,Film 8,Film 1,Film 7,Music 1,Music 2,Music 3
391,relaxed,Book 9,Book 6,Book 4,Film 2,Film 5,Film 10,Music 7,Music 3,Music 4
392,relaxed,Book 2,Book 6,Book 8,Film 6,Film 4,Film 5,Music 9,Music 3,Music 8
393,relaxed,Book 3,Book 7,Book 8,Film 1,Film 7,Film 10,Music 3,Music 5,Music 4
394,stressed,Book 9,Book 8,Book 2,Film 9,Film 2,Film 8,Music 3,Music 10,Music 5
395,sad,Book 5,Book 1,Book 4,Film 9,Film 6,Film 1,Music 5,Music 3,Music 6
396,stressed,Book 1,Book 6,Book 8,Film 5,Film 9,Film 10,Music 4,Music 3,Music 10
397,happy,Book 1,Book 9,Book 8,Film 9,Film 3,Film 6,Music 8,Music 5,Music 9
398,relaxed,Book 5,Book 2,Book 9,Film 5,Film 9,Film 2,Music 1,Music 5,Music 9
399,stressed,Book 6,Book 2,Book 10,Film 3,Film 2,Film 10,Music 4,Music 1,Music 10
400,relaxed,Book 6,Book 2,Book 3,Film 3,Film 5,Film 8,Music 3,Music 1,Music 9
401,relaxed,Book 8,Book 6,Book 9,Film 4,Film 3,Film 2,Music 6,Music 2,Music 5
402,happy,Book 8,Book 3,Book 6,Film 6,Film 9,Film 10,Music 10,Music 8,Music 5
403,stressed,Book 8,Book 10,Book 5,Film 3,Film 2,Film 5,Music 9,Music 10,Music 8
404,happy,Book 5,Book 3,Book 8,Film 1,Film 3,Film 5,Music 9,Music 4,Music 10
405,sad,Book 9,Book 6,Book 1,Film 2,Film 6,Film 5,Music 4,Music 10,Music 6
406,sad,Book 10,Book 7,Book 9,Film 6,Film 5,Film 2,Music 9,Music 5,Music 4
407,happy,Book 2,Book 1,Book 9,Film 3,Film 1,Film 2,Music 5,Music 8,Music 4
408,stressed,Book 6,Book 8,Book 5,Film 2,Film 6,Film 1,Music 6,Music 10,Music 1
409,stressed,Book 3,Book 6,Book 2,Film 5,Film 8,Film 7,Music 2,Music 5,Music 8
410,sad,Book 10,Book 6,Book 7,Film 2,Film 5,Film 1,Music 1,Music 7,Music 8
411,happy,Book 10,Book 4,Book 7,Film 1,Film 10,Film 9,Music 9,Music 6,Music 5
412,happy,Book 5,Book 8,Book 2,Film 9,Film 5,Film 7,Music 9,Music 4,Music 10
413,sad,Book 4,Book 8,Book 6,Film 5,Film 7,Film 1,Music 1,Music 5,Music 3
414,stressed,Book 9,Book 4,Book 8,Film 7,Film 1,Film 4,Music 5,Music 10,Music 2
415,stressed,Book 1,Book 10,Book 7,Film 6,Film 10,Film 9,Music 5,Music 7,Music 2
416,happy,Book 2,Book 1,Book 4,Film 9,Film 1,Film 3,Music 8,Music 4,Music 3
417,stressed,Book 1,Book 3,Book 7,Film 6,Film 9,Film 1,Music 4,Music 9,Music 1
418,stressed,Book 3,Book 9,Book 10,Film 7,Film 6,Film 3,Music 7,Music 8,Music 4
419,happy,Book 9,Book 4,Book 1,Film 10,Film 1,Film 3,Music 10,Music 4,Music 5
420,happy,Book 2,Book 1,Book 5,Film 9,Film 5,Film 7,Music 7,Music 3,Music 9
421,relaxed,Book 5,Book 10,Book 3,Film 5,Film 6,Film 4,Music 4,Music 1,Music 5
422,stressed,Book 3,Book 7,Book 4,Film 7,Film 3,Film 5,Music 8,Music 2,Music 5
423,sad,Book 1,Book 4,Book 9,Film 3,Film 8,Film 9,Music 4,Music 3,Music 10
424,sad,Book 1,Book 4,Book 6,Film 7,Film 9,Film 10,Music 4,Music 5,Music 3
425,stressed,Book 2,Book 3,Book 6,Film 8,Film 5,Film 6,Music 3,Music 9,Music 4
426,happy,Book 5,Book 2,Book 7,Film 4,Film 9,Film 5,Music 3,Music 1,Music 7
427,stressed,Book 5,Book 4,Book 6,Film 9,Film 4,Film 8,Music 2,Music 7,Music 10
428,sad,Book 6,Book 2,Book 8,Film 4,Film 3,Film 5,Music 9,Music 6,Music 7
429,sad,Book 5,Book 2,Book 3,Film 6,Film 1,Film 10,Music 5,Music 6,Music 9
430,stressed,Book 9,Book 10,Book 8,Film 9,Film 10,Film 2,Music 1,Music 3,Music 6
431,sad,Book 8,Book 2,Book 1,Film 3,Film 10,Film 1,Music 9,Music 4,Music 8
432,sad,Book 8,Book 5,Book 1,Film 4,Film 7,Film 1,Music 7,Music 8,Music 3
433,happy,Book 9,Book 4,Book 8,Film 2,Film 3,Film 5,Music 7,Music 6,Music 9
434,happy,Book 3,Book 5,Book 8,Film 9,Film 3,Film 4,Music 3,Music 4,Music 10
435,relaxed,Book 1,Book 8,Book 3,Film 5,Film 9,Film 8,Music 5,Music 10,Music 9
436,sad,Book 1,Book 4,Book 5,Film 2,Film 3,Film 9,Music 3,Music 2,Music 7
437,happy,Book 7,Book 1,Book 3,Film 8,Film 2,Film 1,Music 6,Music 1,Music 8
438,sad,Book 6,Book 9,Book 2,Film 5,Film 8,Film 7,Music 7,Music 5,Music 9
439,sad,Book 3,Book 7,Book 10,Film 3,Film 10,Film 4,Music 6,Music 2,Music 9
440,sad,Book 4,Book 10,Book 7,Film 3,Film 5,Film 8,Music 1,Music 5,Music 8
441,stressed,Book 4,Book 6,Book 10,Film 5,Film 4,Film 8,Music 5,Music 2,Music 10
442,relaxed,Book 3,Book 10,Book 2,Film 3,Film 1,Film 2,Music 3,Music 2,Music 8
443,happy,Book 5,Book 1,Book 3,Film 6,Film 4,Film 7,Music 5,Music 10,Music 8
444,happy,Book 3,Book 2,Book 4,Film 1,Film 3,Film 7,Music 3,Music 5,Music 9
445,happy,Book 4,Book 7,Book 3,Film 6,Film 5,Film 2,Music 7,Music 3,Music 9
446,stressed,Book 8,Book 4,Book 7,Film 1,Film 9,Film 4,Music 8,Music 4,Music 5
447,happy,Book 8,Book 10,Book 6,Film 2,Film 8,Film 5,Music 9,Music 2,Music 8
448,sad,Book 5,Book 4,Book 8,Film 2,Film 5,Film 1,Music 8,Music 2,Music 7
449,sad,Book 6,Book 8,Book 7,Film 4,Film 7,Film 8,Music 3,Music 1,Music 7
450,sad,Book 9,Book 4,Book 8,Film 10,Film 9,Film 7,Music 8,Music 6,Music 5
451,relaxed,Book 1,Book 10,Book 3,Film 5,Film 7,Film 4,Music 10,Music 5,Music 8
452,sad,Book 2,Book 7,Book 3,Film 9,Film 8,Film 1,Music 4,Music 1,Music 9
453,relaxed,Book 5,Book 4,Book 9,Film 7,Film 10,Film 6,Music 5,Music 4,Music 8
454,relaxed,Book 5,Book 8,Book 9,Film 4,Film 10,Film 3,Music 3,Music 4,Music 7
455,happy,Book 7,Book 10,Book 3,Film 1,Film 7,Film 5,Music 7,Music 2,Music 5
456,sad,Book 7,Book 3,Book 9,Film 4,Film 9,Film 10,Music 2,Music 6,Music 3
457,relaxed,Book 4,Book 9,Book 1,Film 2,Film 6,Film 5,Music 1,Music 10,Music 8
458,stressed,Book 10,Book 1,Book 9,Film 6,Film 10,Film 5,Music 1,Music 5,Music 6
459,relaxed,Book 5,Book 9,Book 4,Film 8,Film 2,Film 1,Music 8,Music 6,Music 3
460,relaxed,Book 8,Book 3,Book 1,Film 1,Film 8,Film 6,Music 2,Music 7,Music 6
461,stressed,Book 2,Book 9,Book 5,Film 1,Film 2,Film 5,Music 8,Music 7,Music 1
462,happy,Book 10,Book 3,Book 8,Film 6,Film 9,Film 4,Music 10,Music 9,Music 2
463,stressed,Book 10,Book 9,Book 6,Film 2,Film 10,Film 6,Music 2,Music 4,Music 5
464,relaxed,Book 1,Book 8,Book 2,Film 4,Film 5,Film 1,Music 5,Music 10,Music 9
465,relaxed,Book 7,Book 5,Book 1,Film 3,Film 1,Film 4,Music 1,Music 10,Music 9
466,relaxed,Book 8,Book 5,Book 9,Film 9,Film 4,Film 7,Music 7,Music 6,Music 2
467,sad,Book 7,Book 8,Book 6,Film 6,Film 10,Film 7,Music 1,Music 5,Music 6
468,stressed,Book 4,Book 8,Book 9,Film 2,Film 5,Film 4,Music 2,Music 7,Music 8
469,relaxed,Book 3,Book 7,Book 10,Film 6,Film 2,Film 5,Music 6,Music 10,Music 1
470,happy,Book 9,Book 8,Book 7,Film 6,Film 8,Film 2,Music 5,Music 4,Music 3
471,relaxed,Book 8,Book 9,Book 10,Film 4,Film 9,Film 7,Music 6,Music 8,Music 2
472,sad,Book 2,Book 9,Book 6,Film 1,Film 7,Film 6,Music 2,Music 3,Music 10
473,stressed,Book 8,Book 3,Book 10,Film 9,Film 10,Film 6,Music 7,Music 8,Music 1
474,sad,Book 8,Book 2,Book 3,Film 5,Film 3,Film 4,Music 5,Music 7,Music 3
475,happy,Book 8,Book 9,Book 5,Film 10,Film 2,Film 5,Music 9,Music 10,Music 4
476,relaxed,Book 2,Book 10,Book 8,Film 4,Film 1,Film 3,Music 9,Music 8,Music 5
477,relaxed,Book 1,Book 5,Book 9,Film 5,Film 4,Film 6,Music 2,Music 3,Music 7
478,happy,Book 5,Book 3,Book 9,Film 10,Film 5,Film 7,Music 4,Music 6,Music 7
479,sad,Book 2,Book 1,Book 8,Film 5,Film 8,Film 10,Music 5,Music 8,Music 9
480,sad,Book 10,Book 2,Book 4,Film 10,Film 8,Film 3,Music 10,Music 9,Music 1
481,sad,Book 3,Book 10,Book 8,Film 7,Film 1,Film 8,Music 5,Music 6,Music 8
482,happy,Book 8,Book 9,Book 6,Film 3,Film 6,Film 4,Music 6,Music 7,Music 8
483,sad,Book 3,Book 9,Book 2,Film 10,Film 7,Film 9,Music 8,Music 9,Music 4
484,relaxed,Book 2,Book 8,Book 5,Film 1,Film 5,Film 6,Music 5,Music 4,Music 9
485,happy,Book 5,Book 9,Book 2,Film 10,Film 9,Film 2,Music 5,Music 9,Music 8
486,relaxed,Book 8,Book 7,Book 9,Film 10,Film 5,Film 2,Music 4,Music 5,Music 9
487,happy,Book 6,Book 5,Book 1,Film 6,Film 4,Film 8,Music 7,Music 6,Music 1
488,stressed,Book 4,Book 2,Book 3,Film 10,Film 1,Film 9,Music 8,Music 9,Music 3
489,sad,Book 6,Book 10,Book 7,Film 7,Film 9,Film 2,Music 7,Music 10,Music 3
490,sad,Book 2,Book 8,Book 7,Film 10,Film 2,Film 4,Music 5,Music 1,Music 9
491,sad,Book 2,Book 1,Book 8,Film 1,Film 3,Film 8,Music 5,Music 1,Music 10
492,relaxed,Book 9,Book 10,Book 7,Film 5,Film 9,Film 10,Music 7,Music 3,Music 5
493,sad,Book 8,Book 7,Book 1,Film 5,Film 9,Film 8,Music 1,Music 4,Music 2
494,stressed,Book 3,Book 7,Book 10,Film 10,Film 7,Film 3,Music 9,Music 5,Music 2
495,stressed,Book 4,Book 2,Book 7,Film 1,Film 10,Film 7,Music 8,Music 1,Music 3
496,stressed,Book 3,Book 5,Book 7,Film 5,Film 4,Film 1,Music 10,Music 4,Music 7
497,happy,Book 3,Book 2,Book 1,Film 8,Film 5,Film 6,Music 6,Music 2,Music 4
498,sad,Book 3,Book 10,Book 4,Film 8,Film 10,Film 1,Music 9,Music 6,Music 2
499,stressed,Book 8,Book 9,Book 6,Film 3,Film 2,Film 5,Music 5,Music 7,Music 6
500,happy,Book 6,Book 10,Book 2,Film 8,Film 6,Film 5,Music 4,Music 5,Music 7
501,relaxed,Book 10,Book 3,Book 5,Film 3,Film 10,Film 6,Music 9,Music 10,Music 7
502,sad,Book 1,Book 3,Book 8,Film 3,Film 8,Film 9,Music 3,Music 9,Music 10
503,relaxed,Book 6,Book 9,Book 3,Film 10,Film 6,Film 8,Music 5,Music 6,Music 7
504,happy,Book 1,Book 3,Book 6,Film 2,Film 4,Film 5,Music 4,Music 9,Music 3
505,stressed,Book 6,Book 5,Book 9,Film 1,Film 5,Film 6,Music 3,Music 5,Music 8
506,stressed,Book 2,Book 3,Book 8,Film 4,Film 3,Film 10,Music 1,Music 10,Music 3
507,relaxed,Book 4,Book 5,Book 3,Film 3,Film 2,Film 7,Music 1,Music 3,Music 7
508,stressed,Book 1,Book 6,Book 9,Film 8,Film 4,Film 2,Music 6,Music 8,Music 5
509,sad,Book 10,Book 8,Book 6,Film 7,Film 2,Film 9,Music 1,Music 5,Music 4
510,stressed,Book 4,Book 9,Book 8,Film 3,Film 1,Film 7,Music 2,Music 9,Music 4
511,sad,Book 1,Book 7,Book 4,Film 9,Film 7,Film 4,Music 10,Music 2,Music 5
512,sad,Book 6,Book 3,Book 2,Film 6,Film 10,Film 2,Music 7,Music 3,Music 2
513,sad,Book 2,Book 10,Book 9,Film 1,Film 2,Film 8,Music 7,Music 1,Music 3
514,happy,Book 6,Book 9,Book 4,Film 8,Film 1,Film 10,Music 7,Music 1,Music 8
515,sad,Book 3,Book 4,Book 7,Film 2,Film 1,Film 10,Music 4,Music 2,Music 5
516,happy,Book 9,Book 1,Book 10,Film 10,Film 1,Film 7,Music 4,Music 5,Music 2
517,relaxed,Book 5,Book 1,Book 7,Film 7,Film 8,Film 6,Music 3,Music 2,Music 8
518,relaxed,Book 10,Book 9,Book 7,Film 6,Film 9,Film 7,Music 5,Music 2,Music 6
519,happy,Book 4,Book 6,Book 2,Film 5,Film 1,Film 2,Music 7,Music 1,Music 6
520,relaxed,Book 1,Book 9,Book 10,Film 1,Film 10,Film 7,Music 5,Music 8,Music 9
521,stressed,Book 9,Book 8,Book 10,Film 7,Film 2,Film 5,Music 4,Music 5,Music 6
522,relaxed,Book 7,Book 9,Book 10,Film 7,Film 4,Film 1,Music 5,Music 7,Music 9
523,stressed,Book 4,Book 2,Book 8,Film 7,Film 9,Film 2,Music 4,Music 9,Music 10
524,sad,Book 4,Book 7,Book 10,Film 2,Film 4,Film 7,Music 10,Music 3,Music 2
525,sad,Book 2,Book 7,Book 9,Film 6,Film 3,Film 9,Music 3,Music 10,Music 6
526,happy,Book 2,Book 1,Book 10,Film 5,Film 8,Film 2,Music 2,Music 10,Music 3
527,sad,Book 10,Book 9,Book 7,Film 6,Film 4,Film 10,Music 3,Music 9,Music 10
528,relaxed,Book 7,Book 6,Book 1,Film 7,Film 5,Film 1,Music 5,Music 1,Music 6
529,happy,Book 7,Book 3,Book 4,Film 3,Film 2,Film 5,Music 10,Music 1,Music 9
530,relaxed,Book 7,Book 9,Book 2,Film 8,Film 1,Film 5,Music 10,Music 6,Music 1
531,relaxed,Book 10,Book 6,Book 7,Film 10,Film 2,Film 5,Music 10,Music 9,Music 7
532,stressed,Book 3,Book 9,Book 5,Film 4,Film 6,Film 1,Music 9,Music 10,Music 2
533,stressed,Book 9,Book 3,Book 8,Film 7,Film 10,Film 2,Music 7,Music 5,Music 2
534,relaxed,Book 10,Book 6,Book 5,Film 2,Film 1,Film 6,Music 8,Music 1,Music 9
535,happy,Book 3,Book 10,Book 2,Film 8,Film 3,Film 2,Music 5,Music 10,Music 6
536,sad,Book 2,Book 4,Book 1,Film 7,Film 3,Film 5,Music 8,Music 4,Music 5
537,sad,Book 4,Book 6,Book 5,Film 10,Film 6,Film 2,Music 2,Music 8,Music 1
538,happy,Book 7,Book 10,Book 6,Film 7,Film 9,Film 2,Music 1,Music 2,Music 7
539,sad,Book 2,Book 3,Book 8,Film 5,Film 2,Film 9,Music 5,Music 3,Music 4
540,relaxed,Book 3,Book 7,Book 4,Film 5,Film 3,Film 6,Music 6,Music 3,Music 4
541,sad,Book 10,Book 2,Book 4,Film 3,Film 9,Film 10,Music 4,Music 8,Music 9
542,happy,Book 3,Book 1,Book 10,Film 3,Film 4,Film 10,Music 3,Music 6,Music 7
543,sad,Book 2,Book 10,Book 4,Film 9,Film 6,Film 2,Music 7,Music 8,Music 3
544,sad,Book 10,Book 6,Book 3,Film 7,Film 6,Film 2,Music 4,Music 8,Music 9
545,stressed,Book 7,Book 9,Book 6,Film 3,Film 8,Film 4,Music 1,Music 5,Music 4
546,relaxed,Book 2,Book 5,Book 8,Film 5,Film 6,Film 4,Music 7,Music 9,Music 2
547,sad,Book 6,Book 3,Book 5,Film 5,Film 7,Film 1,Music 2,Music 10,Music 9
548,happy,Book 1,Book 3,Book 8,Film 8,Film 3,Film 10,Music 9,Music 10,Music 3
549,stressed,Book 3,Book 2,Book 8,Film 2,Film 8,Film 3,Music 9,Music 10,Music 4
550,relaxed,Book 4,Book 5,Book 8,Film 7,Film 6,Film 1,Music 8,Music 3,Music 6
551,happy,Book 1,Book 2,Book 9,Film 8,Film 4,Film 1,Music 10,Music 7,Music 4
552,happy,Book 5,Book 1,Book 7,Film 10,Film 7,Film 2,Music 1,Music 2,Music 10
553,relaxed,Book 7,Book 2,Book 5,Film 5,Film 9,Film 4,Music 5,Music 8,Music 9
554,relaxed,Book 5,Book 6,Book 7,Film 5,Film 1,Film 10,Music 2,Music 3,Music 6
555,happy,Book 8,Book 9,Book 1,Film 5,Film 9,Film 2,Music 9,Music 10,Music 1
556,stressed,Book 3,Book 5,Book 6,Film 9,Film 8,Film 5,Music 5,Music 7,Music 4
557,stressed,Book 5,Book 7,Book 10,Film 5,Film 3,Film 9,Music 4,Music 1,Music 6
558,relaxed,Book 6,Book 5,Book 2,Film 1,Film 5,Film 9,Music 6,Music 4,Music 9
559,happy,Book 10,Book 2,Book 6,Film 8,Film 6,Film 1,Music 9,Music 2,Music 8
560,relaxed,Book 2,Book 9,Book 7,Film 4,Film 3,Film 9,Music 7,Music 4,Music 2
561,stressed,Book 7,Book 8,Book 5,Film 7,Film 10,Film 2,Music 4,Music 8,Music 5
562,happy,Book 7,Book 5,Book 10,Film 6,Film 10,Film 5,Music 3,Music 6,Music 1
563,relaxed,Book 2,Book 4,Book 10,Film 5,Film 1,Film 10,Music 2,Music 1,Music 3
564,stressed,Book 2,Book 6,Book 1,Film 3,Film 8,Film 5,Music 3,Music 10,Music 6
565,sad,Book 4,Book 5,Book 9,Film 1,Film 2,Film 4,Music 2,Music 10,Music 4
566,relaxed,Book 10,Book 4,Book 8,Film 8,Film 5,Film 10,Music 1,Music 7,Music 9
567,sad,Book 4,Book 6,Book 3,Film 6,Film 1,Film 5,Music 8,Music 9,Music 3
568,happy,Book 9,Book 3,Book 1,Film 10,Film 7,Film 6,Music 2,Music 9,Music 3
569,happy,Book 9,Book 7,Book 6,Film 3,Film 6,Film 4,Music 6,Music 5,Music 9
570,stressed,Book 9,Book 1,Book 2,Film 10,Film 8,Film 2,Music 10,Music 4,Music 7
571,happy,Book 5,Book 7,Book 10,Film 5,Film 8,Film 10,Music 9,Music 4,Music 6
572,stressed,Book 8,Book 2,Book 6,Film 1,Film 6,Film 9,Music 7,Music 6,Music 3
573,stressed,Book 1,Book 7,Book 9,Film 4,Film 6,Film 5,Music 7,Music 1,Music 3
574,relaxed,Book 2,Book 9,Book 5,Film 3,Film 10,Film 6,Music 10,Music 2,Music 1
575,sad,Book 1,Book 4,Book 2,Film 4,Film 3,Film 8,Music 2,Music 9,Music 1
576,stressed,Book 3,Book 4,Book 6,Film 4,Film 1,Film 5,Music 3,Music 1,Music 7
577,sad,Book 5,Book 6,Book 10,Film 4,Film 2,Film 1,Music 5,Music 1,Music 7
578,relaxed,Book 4,Book 9,Book 8,Film 6,Film 1,Film 4,Music 4,Music 8,Music 9
579,stressed,Book 10,Book 1,Book 2,Film 8,Film 3,Film 4,Music 1,Music 2,Music 5
580,relaxed,Book 2,Book 8,Book 4,Film 7,Film 4,Film 8,Music 1,Music 3,Music 9
581,relaxed,Book 10,Book 9,Book 2,Film 6,Film 5,Film 4,Music 2,Music 5,Music 4
582,sad,Book 7,Book 6,Book 9,Film 5,Film 2,Film 6,Music 9,Music 10,Music 6
583,relaxed,Book 5,Book 7,Book 1,Film 9,Film 7,Film 8,Music 6,Music 10,Music 5
584,stressed,Book 6,Book 1,Book 3,Film 1,Film 4,Film 5,Music 7,Music 9,Music 5
585,relaxed,Book 2,Book 9,Book 1,Film 8,Film 5,Film 7,Music 2,Music 4,Music 10
586,relaxed,Book 6,Book 2,Book 10,Film 9,Film 1,Film 8,Music 9,Music 8,Music 1
587,sad,Book 6,Book 4,Book 7,Film 1,Film 7,Film 3,Music 2,Music 8,Music 4
588,happy,Book 2,Book 4,Book 5,Film 5,Film 3,Film 9,Music 2,Music 7,Music 9
589,stressed,Book 5,Book 9,Book 7,Film 5,Film 1,Film 3,Music 3,Music 2,Music 10
590,sad,Book 4,Book 9,Book 6,Film 1,Film 10,Film 9,Music 3,Music 6,Music 1
591,relaxed,Book 1,Book 8,Book 7,Film 10,Film 6,Film 9,Music 4,Music 5,Music 2
592,relaxed,Book 2,Book 6,Book 8,Film 3,Film 6,Film 4,Music 7,Music 4,Music 8
593,sad,Book 5,Book 10,Book 2,Film 8,Film 1,Film 10,Music 10,Music 9,Music 5
594,relaxed,Book 4,Book 8,Book 6,Film 10,Film 6,Film 7,Music 3,Music 6,Music 10
595,relaxed,Book 9,Book 2,Book 1,Film 8,Film 1,Film 7,Music 8,Music 2,Music 1
596,stressed,Book 8,Book 3,Book 10,Film 2,Film 6,Film 4,Music 5,Music 2,Music 1
597,sad,Book 5,Book 7,Book 6,Film 8,Film 3,Film 4,Music 9,Music 3,Music 2
598,sad,Book 2,Book 9,Book 3,Film 8,Film 3,Film 4,Music 7,Music 6,Music 4
599,stressed,Book 1,Book 10,Book 5,Film 7,Film 4,Film 9,Music 10,Music 7,Music 2
600,relaxed,Book 3,Book 5,Book 8,Film 3,Film 7,Film 10,Music 7,Music 5,Music 10
601,happy,Book 5,Book 7,Book 2,Film 2,Film 7,Film 3,Music 5,Music 4,Music 1
602,happy,Book 7,Book 4,Book 8,Film 3,Film 1,Film 2,Music 9,Music 5,Music 7
603,stressed,Book 1,Book 4,Book 8,Film 3,Film 6,Film 2,Music 5,Music 4,Music 9
604,sad,Book 4,Book 5,Book 6,Film 8,Film 6,Film 2,Music 5,Music 3,Music 1
605,sad,Book 6,Book 1,Book 8,Film 3,Film 1,Film 2,Music 2,Music 4,Music 7
606,relaxed,Book 5,Book 7,Book 3,Film 4,Film 2,Film 3,Music 2,Music 4,Music 5
607,sad,Book 9,Book 4,Book 8,Film 1,Film 2,Film 6,Music 9,Music 1,Music 4
608,happy,Book 3,Book 5,Book 4,Film 9,Film 3,Film 7,Music 8,Music 3,Music 7
609,sad,Book 5,Book 2,Book 3,Film 5,Film 10,Film 4,Music 10,Music 8,Music 6
610,happy,Book 10,Book 1,Book 2,Film 3,Film 2,Film 9,Music 3,Music 6,Music 9
611,happy,Book 3,Book 7,Book 10,Film 8,Film 7,Film 6,Music 5,Music 4,Music 7
612,stressed,Book 8,Book 6,Book 10,Film 9,Film 5,Film 7,Music 5,Music 6,Music 1
613,sad,Book 4,Book 5,Book 7,Film 4,Film 9,Film 7,Music 6,Music 10,Music 1
614,happy,Book 8,Book 2,Book 7,Film 1,Film 9,Film 10,Music 10,Music 8,Music 6
615,sad,Book 7,Book 5,Book 6,Film 7,Film 8,Film 10,Music 1,Music 5,Music 10
616,stressed,Book 8,Book 1,Book 7,Film 8,Film 5,Film 6,Music 9,Music 1,Music 5
617,stressed,Book 8,Book 10,Book 1,Film 10,Film 4,Film 9,Music 3,Music 4,Music 5
618,stressed,Book 7,Book 8,Book 4,Film 7,Film 10,Film 3,Music 4,Music 5,Music 9
619,sad,Book 4,Book 5,Book 3,Film 5,Film 2,Film 8,Music 8,Music 5,Music 2
620,stressed,Book 2,Book 6,Book 1,Film 9,Film 2,Film 1,Music 1,Music 3,Music 7
621,relaxed,Book 9,Book 1,Book 10,Film 8,Film 10,Film 2,Music 2,Music 7,Music 3
622,relaxed,Book 3,Book 4,Book 8,Film 10,Film 3,Film 7,Music 6,Music 2,Music 10
623,happy,Book 8,Book 4,Book 1,Film 10,Film 8,Film 1,Music 1,Music 6,Music 9
624,stressed,Book 6,Book 5,Book 8,Film 1,Film 5,Film 8,Music 10,Music 9,Music 8
625,stressed,Book 8,Book 3,Book 1,Film 4,Film 1,Film 7,Music 5,Music 1,Music 8
626,sad,Book 2,Book 10,Book 4,Film 2,Film 4,Film 7,Music 2,Music 9,Music 8
627,stressed,Book 1,Book 9,Book 3,Film 2,Film 6,Film 10,Music 8,Music 4,Music 1
628,stressed,Book 2,Book 9,Book 8,Film 2,Film 6,Film 9,Music 10,Music 6,Music 4
629,happy,Book 2,Book 5,Book 1,Film 10,Film 2,Film 8,Music 10,Music 2,Music 6
630,stressed,Book 5,Book 7,Book 1,Film 10,Film 5,Film 4,Music 6,Music 10,Music 8
631,stressed,Book 8,Book 1,Book 5,Film 8,Film 3,Film 5,Music 7,Music 8,Music 5
632,happy,Book 2,Book 5,Book 10,Film 2,Film 10,Film 9,Music 6,Music 2,Music 4
633,happy,Book 8,Book 2,Book 6,Film 9,Film 5,Film 8,Music 9,Music 4,Music 2
634,relaxed,Book 3,Book 7,Book 4,Film 2,Film 7,Film 1,Music 4,Music 9,Music 2
635,relaxed,Book 8,Book 5,Book 2,Film 3,Film 9,Film 4,Music 2,Music 7,Music 10
636,happy,Book 10,Book 2,Book 6,Film 8,Film 4,Film 2,Music 10,Music 4,Music 2
637,relaxed,Book 4,Book 10,Book 2,Film 7,Film 6,Film 2,Music 7,Music 4,Music 9
638,happy,Book 2,Book 6,Book 7,Film 6,Film 1,Film 10,Music 1,Music 9,Music 5
639,relaxed,Book 8,Book 5,Book 9,Film 8,Film 4,Film 5,Music 6,Music 4,Music 9
640,happy,Book 9,Book 8,Book 3,Film 7,Film 1,Film 3,Music 10,Music 9,Music 8
641,happy,Book 4,Book 6,Book 1,Film 1,Film 3,Film 8,Music 4,Music 5,Music 6
642,sad,Book 10,Book 8,Book 9,Film 8,Film 2,Film 3,Music 10,Music 9,Music 1
643,relaxed,Book 8,Book 6,Book 7,Film 8,Film 5,Film 7,Music 5,Music 9,Music 8
644,happy,Book 1,Book 9,Book 5,Film 3,Film 4,Film 9,Music 10,Music 9,Music 4
645,happy,Book 4,Book 5,Book 9,Film 10,Film 5,Film 4,Music 10,Music 3,Music 4
646,relaxed,Book 4,Book 5,Book 10,Film 9,Film 6,Film 10,Music 6,Music 7,Music 10
647,relaxed,Book 2,Book 9,Book 10,Film 4,Film 2,Film 10,Music 9,Music 4,Music 3
648,stressed,Book 5,Book 6,Book 4,Film 6,Film 8,Film 3,Music 9,Music 5,Music 4
649,happy,Book 7,Book 2,Book 5,Film 10,Film 3,Film 6,Music 10,Music 3,Music 9
650,relaxed,Book 4,Book 7,Book 9,Film 3,Film 1,Film 2,Music 9,Music 6,Music 8
651,relaxed,Book 7,Book 9,Book 2,Film 8,Film 3,Film 6,Music 2,Music 10,Music 4
652,sad,Book 3,Book 6,Book 2,Film 2,Film 7,Film 10,Music 6,Music 3,Music 2
653,happy,Book 1,Book 9,Book 5,Film 1,Film 8,Film 5,Music 7,Music 10,Music 6
654,relaxed,Book 10,Book 5,Book 3,Film 10,Film 5,Film 1,Music 10,Music 9,Music 7
655,happy,Book 9,Book 8,Book 7,Film 9,Film 4,Film 6,Music 6,Music 10,Music 1
656,relaxed,Book 4,Book 3,Book 2,Film 6,Film 1,Film 7,Music 10,Music 7,Music 8
657,happy,Book 5,Book 1,Book 2,Film 3,Film 10,Film 8,Music 8,Music 1,Music 10
658,relaxed,Book 9,Book 7,Book 3,Film 6,Film 1,Film 2,Music 10,Music 2,Music 5
659,sad,Book 5,Book 10,Book 4,Film 7,Film 6,Film 2,Music 8,Music 9,Music 4
660,relaxed,Book 6,Book 10,Book 1,Film 4,Film 6,Film 10,Music 6,Music 8,Music 7
661,relaxed,Book 10,Book 6,Book 3,Film 1,Film 8,Film 2,Music 10,Music 5,Music 7
662,relaxed,Book 4,Book 9,Book 1,Film 2,Film 4,Film 9,Music 4,Music 2,Music 7
663,sad,Book 1,Book 7,Book 2,Film 4,Film 7,Film 2,Music 8,Music 5,Music 7
664,happy,Book 5,Book 4,Book 2,Film 2,Film 5,Film 7,Music 3,Music 10,Music 5
665,happy,Book 9,Book 4,Book 7,Film 9,Film 8,Film 2,Music 3,Music 7,Music 8
666,stressed,Book 8,Book 5,Book 3,Film 10,Film 4,Film 3,Music 3,Music 7,Music 9
667,happy,Book 9,Book 10,Book 1,Film 1,Film 6,Film 5,Music 3,Music 9,Music 8
668,stressed,Book 5,Book 4,Book 3,Film 9,Film 10,Film 2,Music 6,Music 5,Music 4
669,stressed,Book 4,Book 7,Book 2,Film 10,Film 3,Film 7,Music 3,Music 9,Music 8
670,happy,Book 6,Book 9,Book 2,Film 3,Film 5,Film 6,Music 8,Music 4,Music 5
671,sad,Book 8,Book 5,Book 2,Film 6,Film 7,Film 3,Music 6,Music 2,Music 4
672,sad,Book 6,Book 4,Book 7,Film 1,Film 3,Film 2,Music 1,Music 8,Music 9
673,relaxed,Book 8,Book 6,Book 7,Film 5,Film 2,Film 3,Music 2,Music 10,Music 5
674,happy,Book 2,Book 4,Book 9,Film 10,Film 6,Film 5,Music 6,Music 1,Music 2
675,sad,Book 3,Book 10,Book 7,Film 10,Film 1,Film 9,Music 4,Music 6,Music 1
676,happy,Book 2,Book 8,Book 3,Film 3,Film 9,Film 10,Music 7,Music 5,Music 3
677,sad,Book 9,Book 4,Book 2,Film 1,Film 6,Film 3,Music 9,Music 6,Music 2
678,relaxed,Book 7,Book 4,Book 2,Film 6,Film 4,Film 9,Music 10,Music 7,Music 6
679,relaxed,Book 8,Book 5,Book 2,Film 3,Film 10,Film 5,Music 4,Music 2,Music 9
680,sad,Book 1,Book 4,Book 5,Film 8,Film 9,Film 3,Music 2,Music 6,Music 5
681,happy,Book 2,Book 4,Book 9,Film 3,Film 8,Film 7,Music 2,Music 8,Music 1
682,relaxed,Book 2,Book 8,Book 7,Film 6,Film 3,Film 8,Music 2,Music 4,Music 6
683,happy,Book 8,Book 4,Book 5,Film 1,Film 8,Film 3,Music 4,Music 3,Music 7
684,sad,Book 2,Book 6,Book 7,Film 2,Film 3,Film 5,Music 1,Music 6,Music 4
685,relaxed,Book 4,Book 8,Book 3,Film 1,Film 6,Film 10,Music 2,Music 6,Music 3
686,happy,Book 9,Book 1,Book 6,Film 4,Film 8,Film 6,Music 4,Music 1,Music 8
687,happy,Book 10,Book 4,Book 9,Film 6,Film 5,Film 4,Music 9,Music 6,Music 8
688,sad,Book 9,Book 10,Book 2,Film 8,Film 4,Film 9,Music 5,Music 1,Music 9
689,sad,Book 7,Book 9,Book 8,Film 10,Film 4,Film 5,Music 7,Music 5,Music 6
690,happy,Book 3,Book 5,Book 7,Film 10,Film 8,Film 6,Music 5,Music 7,Music 1
691,stressed,Book 4,Book 3,Book 7,Film 4,Film 6,Film 3,Music 9,Music 2,Music 4
692,happy,Book 2,Book 3,Book 6,Film 10,Film 5,Film 3,Music 10,Music 7,Music 4
693,happy,Book 8,Book 3,Book 4,Film 6,Film 7,Film 10,Music 5,Music 4,Music 6
694,relaxed,Book 4,Book 7,Book 5,Film 9,Film 1,Film 4,Music 8,Music 2,Music 3
695,relaxed,Book 7,Book 1,Book 4,Film 1,Film 5,Film 10,Music 1,Music 5,Music 2
696,stressed,Book 6,Book 3,Book 5,Film 7,Film 4,Film 5,Music 3,Music 1,Music 9
697,sad,Book 9,Book 7,Book 3,Film 5,Film 2,Film 4,Music 4,Music 8,Music 3
698,relaxed,Book 5,Book 2,Book 7,Film 9,Film 1,Film 2,Music 5,Music 2,Music 6
699,happy,Book 7,Book 2,Book 10,Film 6,Film 7,Film 5,Music 6,Music 10,Music 5
700,relaxed,Book 3,Book 6,Book 5,Film 6,Film 9,Film 4,Music 4,Music 6,Music 8
701,stressed,Book 5,Book 8,Book 3,Film 10,Film 8,Film 1,Music 10,Music 9,Music 2
702,relaxed,Book 1,Book 10,Book 7,Film 5,Film 6,Film 8,Music 2,Music 7,Music 5
703,happy,Book 6,Book 2,Book 4,Film 8,Film 7,Film 3,Music 6,Music 10,Music 7
704,happy,Book 4,Book 10,Book 5,Film 4,Film 1,Film 8,Music 8,Music 5,Music 10
705,relaxed,Book 8,Book 10,Book 3,Film 8,Film 7,Film 3,Music 3,Music 7,Music 8
706,sad,Book 7,Book 1,Book 3,Film 4,Film 6,Film 3,Music 2,Music 10,Music 7
707,happy,Book 7,Book 4,Book 1,Film 2,Film 1,Film 3,Music 2,Music 5,Music 8
708,happy,Book 8,Book 1,Book 5,Film 6,Film 7,Film 4,Music 7,Music 10,Music 1
709,sad,Book 8,Book 6,Book 5,Film 10,Film 3,Film 8,Music 10,Music 9,Music 2
710,relaxed,Book 5,Book 6,Book 8,Film 3,Film 2,Film 8,Music 2,Music 5,Music 6
711,stressed,Book 3,Book 8,Book 4,Film 7,Film 5,Film 3,Music 6,Music 8,Music 5
712,relaxed,Book 5,Book 6,Book 1,Film 8,Film 2,Film 5,Music 4,Music 2,Music 7
713,sad,Book 6,Book 3,Book 4,Film 7,Film 3,Film 1,Music 6,Music 4,Music 10
714,relaxed,Book 3,Book 9,Book 1,Film 4,Film 2,Film 7,Music 10,Music 5,Music 9
715,happy,Book 7,Book 4,Book 9,Film 6,Film 4,Film 1,Music 3,Music 10,Music 5
716,stressed,Book 6,Book 9,Book 4,Film 9,Film 1,Film 6,Music 6,Music 5,Music 8
717,sad,Book 2,Book 4,Book 5,Film 5,Film 4,Film 1,Music 9,Music 3,Music 1
718,relaxed,Book 6,Book 9,Book 5,Film 10,Film 5,Film 2,Music 1,Music 8,Music 4
719,relaxed,Book 9,Book 8,Book 4,Film 8,Film 3,Film 5,Music 3,Music 4,Music 1
720,sad,Book 7,Book 5,Book 1,Film 8,Film 5,Film 10,Music 10,Music 8,Music 3
721,sad,Book 5,Book 8,Book 10,Film 9,Film 2,Film 7,Music 2,Music 5,Music 6
722,stressed,Book 4,Book 5,Book 8,Film 9,Film 10,Film 2,Music 1,Music 9,Music 4
723,stressed,Book 7,Book 1,Book 4,Film 5,Film 7,Film 9,Music 4,Music 2,Music 8
724,happy,Book 5,Book 10,Book 6,Film 4,Film 5,Film 6,Music 7,Music 5,Music 3
725,relaxed,Book 9,Book 4,Book 8,Film 2,Film 6,Film 3,Music 4,Music 8,Music 3
726,relaxed,Book 5,Book 4,Book 2,Film 8,Film 9,Film 1,Music 2,Music 4,Music 6
727,relaxed,Book 4,Book 3,Book 7,Film 6,Film 8,Film 1,Music 5,Music 1,Music 8
728,stressed,Book 2,Book 10,Book 1,Film 3,Film 10,Film 7,Music 2,Music 8,Music 7
729,stressed,Book 6,Book 10,Book 4,Film 10,Film 4,Film 8,Music 9,Music 4,Music 8
730,relaxed,Book 4,Book 6,Book 2,Film 4,Film 2,Film 6,Music 5,Music 2,Music 7
731,relaxed,Book 8,Book 9,Book 6,Film 3,Film 6,Film 1,Music 9,Music 7,Music 3
732,relaxed,Book 6,Book 4,Book 5,Film 10,Film 2,Film 9,Music 1,Music 9,Music 10
733,relaxed,Book 1,Book 4,Book 5,Film 1,Film 8,Film 10,Music 8,Music 7,Music 5
734,sad,Book 10,Book 3,Book 9,Film 10,Film 5,Film 9,Music 4,Music 5,Music 2
735,stressed,Book 8,Book 6,Book 3,Film 8,Film 4,Film 3,Music 10,Music 9,Music 3
736,relaxed,Book 6,Book 3,Book 4,Film 1,Film 9,Film 6,Music 9,Music 6,Music 4
737,stressed,Book 9,Book 8,Book 6,Film 7,Film 3,Film 9,Music 3,Music 5,Music 10
738,happy,Book 9,Book 3,Book 1,Film 7,Film 4,Film 8,Music 2,Music 8,Music 1
739,relaxed,Book 2,Book 8,Book 1,Film 6,Film 9,Film 1,Music 8,Music 7,Music 10
740,happy,Book 6,Book 2,Book 5,Film 8,Film 4,Film 9,Music 8,Music 7,Music 10
741,relaxed,Book 5,Book 7,Book 9,Film 5,Film 8,Film 2,Music 6,Music 10,Music 8
742,stressed,Book 4,Book 3,Book 9,Film 8,Film 2,Film 9,Music 1,Music 3,Music 2
743,happy,Book 2,Book 1,Book 7,Film 1,Film 9,Film 10,Music 3,Music 2,Music 9
744,sad,Book 5,Book 7,Book 10,Film 9,Film 3,Film 10,Music 1,Music 2,Music 3
745,stressed,Book 1,Book 5,Book 7,Film 6,Film 3,Film 8,Music 10,Music 8,Music 4
746,relaxed,Book 7,Book 1,Book 4,Film 9,Film 2,Film 1,Music 3,Music 4,Music 2
747,relaxed,Book 5,Book 8,Book 9,Film 1,Film 10,Film 3,Music 5,Music 4,Music 6
748,happy,Book 1,Book 4,Book 8,Film 2,Film 1,Film 6,Music 8,Music 2,Music 6
749,sad,Book 6,Book 1,Book 4,Film 2,Film 8,Film 3,Music 2,Music 8,Music 3
750,stressed,Book 8,Book 7,Book 3,Film 6,Film 4,Film 7,Music 2,Music 4,Music 3
751,stressed,Book 10,Book 6,Book 9,Film 5,Film 8,Film 4,Music 6,Music 7,Music 1
752,happy,Book 4,Book 10,Book 9,Film 7,Film 6,Film 4,Music 3,Music 8,Music 10
753,relaxed,Book 5,Book 6,Book 7,Film 6,Film 1,Film 7,Music 5,Music 9,Music 2
754,stressed,Book 5,Book 9,Book 3,Film 10,Film 9,Film 5,Music 2,Music 8,Music 3
755,happy,Book 6,Book 2,Book 1,Film 3,Film 8,Film 2,Music 8,Music 9,Music 4
756,happy,Book 10,Book 9,Book 7,Film 7,Film 5,Film 1,Music 6,Music 5,Music 2
757,stressed,Book 7,Book 8,Book 5,Film 3,Film 8,Film 1,Music 10,Music 7,Music 3
758,happy,Book 7,Book 10,Book 8,Film 5,Film 2,Film 9,Music 10,Music 2,Music 9
759,stressed,Book 4,Book 6,Book 1,Film 7,Film 1,Film 4,Music 9,Music 7,Music 5
760,happy,Book 8,Book 10,Book 1,Film 2,Film 10,Film 8,Music 6,Music 5,Music 7
761,sad,Book 9,Book 5,Book 2,Film 3,Film 10,Film 4,Music 8,Music 3,Music 1
762,sad,Book 5,Book 4,Book 10,Film 8,Film 6,Film 2,Music 3,Music 1,Music 5
763,relaxed,Book 5,Book 2,Book 7,Film 8,Film 1,Film 7,Music 6,Music 1,Music 2
764,relaxed,Book 8,Book 10,Book 3,Film 4,Film 5,Film 8,Music 7,Music 10,Music 4
765,relaxed,Book 7,Book 6,Book 3,Film 8,Film 3,Film 6,Music 6,Music 4,Music 9
766,sad,Book 10,Book 9,Book 1,Film 2,Film 10,Film 5,Music 2,Music 1,Music 5
767,happy,Book 3,Book 8,Book 9,Film 9,Film 10,Film 2,Music 7,Music 3,Music 1
768,sad,Book 3,Book 7,Book 6,Film 4,Film 10,Film 7,Music 5,Music 2,Music 9
769,happy,Book 2,Book 10,Book 4,Film 3,Film 10,Film 1,Music 2,Music 4,Music 3
770,sad,Book 2,Book 5,Book 9,Film 8,Film 10,Film 6,Music 5,Music 6,Music 2
771,sad,Book 3,Book 7,Book 1,Film 3,Film 5,Film 7,Music 1,Music 4,Music 3
772,happy,Book 6,Book 10,Book 7,Film 4,Film 8,Film 5,Music 6,Music 10,Music 8
773,relaxed,Book 8,Book 6,Book 5,Film 9,Film 6,Film 5,Music 4,Music 5,Music 1
774,relaxed,Book 9,Book 6,Book 10,Film 8,Film 1,Film 4,Music 7,Music 4,Music 5
775,sad,Book 8,Book 9,Book 3,Film 5,Film 2,Film 9,Music 5,Music 10,Music 7
776,stressed,Book 4,Book 10,Book 6,Film 10,Film 8,Film 5,Music 1,Music 3,Music 6
777,sad,Book 9,Book 8,Book 2,Film 2,Film 7,Film 8,Music 6,Music 2,Music 3
778,happy,Book 9,Book 1,Book 5,Film 4,Film 8,Film 9,Music 1,Music 3,Music 5
779,happy,Book 10,Book 5,Book 3,Film 5,Film 8,Film 10,Music 9,Music 6,Music 10
780,relaxed,Book 4,Book 1,Book 10,Film 4,Film 7,Film 6,Music 6,Music 5,Music 3
781,happy,Book 8,Book 3,Book 1,Film 1,Film 10,Film 8,Music 10,Music 6,Music 4
782,happy,Book 9,Book 6,Book 10,Film 8,Film 2,Film 9,Music 9,Music 3,Music 5
783,sad,Book 2,Book 7,Book 4,Film 9,Film 7,Film 2,Music 4,Music 5,Music 10
784,stressed,Book 3,Book 5,Book 2,Film 5,Film 8,Film 2,Music 2,Music 5,Music 6
785,happy,Book 6,Book 9,Book 8,Film 7,Film 3,Film 5,Music 4,Music 1,Music 10
786,relaxed,Book 4,Book 6,Book 7,Film 10,Film 9,Film 8,Music 6,Music 1,Music 10
787,sad,Book 1,Book 9,Book 10,Film 2,Film 4,Film 8,Music 9,Music 5,Music 6
788,happy,Book 1,Book 9,Book 10,Film 7,Film 2,Film 9,Music 10,Music 9,Music 2
789,sad,Book 4,Book 2,Book 3,Film 3,Film 9,Film 1,Music 8,Music 7,Music 3
790,happy,Book 9,Book 4,Book 10,Film 3,Film 1,Film 9,Music 9,Music 1,Music 8
791,sad,Book 9,Book 2,Book 5,Film 3,Film 5,Film 7,Music 5,Music 8,Music 4
792,happy,Book 1,Book 4,Book 9,Film 9,Film 8,Film 10,Music 1,Music 10,Music 2
793,relaxed,Book 2,Book 9,Book 4,Film 1,Film 3,Film 9,Music 7,Music 3,Music 8
794,happy,Book 9,Book 4,Book 3,Film 6,Film 8,Film 1,Music 2,Music 9,Music 4
795,stressed,Book 10,Book 4,Book 8,Film 1,Film 7,Film 3,Music 7,Music 8,Music 10
796,stressed,Book 1,Book 3,Book 10,Film 7,Film 4,Film 5,Music 4,Music 7,Music 8
797,relaxed,Book 9,Book 4,Book 2,Film 10,Film 7,Film 9,Music 5,Music 4,Music 6
798,relaxed,Book 4,Book 3,Book 1,Film 10,Film 6,Film 8,Music 7,Music 6,Music 4
799,relaxed,Book 4,Book 3,Book 9,Film 1,Film 2,Film 3,Music 7,Music 9,Music 5
800,sad,Book 3,Book 2,Book 8,Film 7,Film 1,Film 9,Music 4,Music 7,Music 1
801,stressed,Book 10,Book 7,Book 2,Film 3,Film 7,Film 8,Music 10,Music 1,Music 6
802,stressed,Book 6,Book 8,Book 9,Film 5,Film 9,Film 4,Music 9,Music 4,Music 1
803,relaxed,Book 6,Book 4,Book 1,Film 4,Film 1,Film 3,Music 8,Music 5,Music 3
804,happy,Book 7,Book 8,Book 5,Film 4,Film 7,Film 5,Music 10,Music 3,Music 9
805,stressed,Book 2,Book 10,Book 1,Film 7,Film 2,Film 4,Music 3,Music 4,Music 1
806,relaxed,Book 8,Book 7,Book 1,Film 4,Film 5,Film 9,Music 1,Music 8,Music 5
807,sad,Book 2,Book 4,Book 5,Film 7,Film 6,Film 5,Music 9,Music 2,Music 8
808,sad,Book 10,Book 3,Book 9,Film 6,Film 1,Film 3,Music 6,Music 8,Music 3
809,stressed,Book 5,Book 9,Book 7,Film 10,Film 7,Film 8,Music 1,Music 10,Music 4
810,happy,Book 3,Book 8,Book 5,Film 6,Film 1,Film 9,Music 6,Music 7,Music 4
811,relaxed,Book 10,Book 4,Book 9,Film 9,Film 5,Film 8,Music 6,Music 7,Music 9
812,happy,Book 6,Book 2,Book 9,Film 7,Film 2,Film 6,Music 8,Music 3,Music 2
813,sad,Book 7,Book 9,Book 2,Film 10,Film 9,Film 1,Music 7,Music 6,Music 8
814,relaxed,Book 8,Book 3,Book 9,Film 2,Film 4,Film 7,Music 7,Music 3,Music 4
815,relaxed,Book 6,Book 5,Book 10,Film 10,Film 1,Film 6,Music 9,Music 2,Music 10
816,happy,Book 5,Book 3,Book 2,Film 1,Film 9,Film 4,Music 1,Music 3,Music 6
817,sad,Book 7,Book 3,Book 6,Film 4,Film 3,Film 9,Music 5,Music 3,Music 9
818,stressed,Book 6,Book 9,Book 10,Film 8,Film 2,Film 7,Music 3,Music 5,Music 7
819,happy,Book 10,Book 7,Book 4,Film 4,Film 2,Film 3,Music 9,Music 2,Music 3
820,sad,Book 9,Book 7,Book 4,Film 3,Film 4,Film 10,Music 2,Music 3,Music 8
821,relaxed,Book 10,Book 6,Book 7,Film 4,Film 10,Film 3,Music 8,Music 10,Music 3
822,sad,Book 5,Book 10,Book 3,Film 7,Film 6,Film 9,Music 6,Music 7,Music 1
823,sad,Book 4,Book 9,Book 7,Film 6,Film 10,Film 4,Music 2,Music 6,Music 3
824,relaxed,Book 7,Book 8,Book 3,Film 8,Film 10,Film 6,Music 3,Music 4,Music 8
825,stressed,Book 8,Book 10,Book 4,Film 4,Film 8,Film 6,Music 1,Music 10,Music 3
826,stressed,Book 2,Book 8,Book 7,Film 5,Film 6,Film 3,Music 9,Music 3,Music 1
827,stressed,Book 6,Book 10,Book 9,Film 10,Film 9,Film 2,Music 5,Music 1,Music 8
828,sad,Book 2,Book 10,Book 8,Film 3,Film 9,Film 5,Music 6,Music 2,Music 9
829,happy,Book 8,Book 5,Book 6,Film 3,Film 5,Film 4,Music 8,Music 9,Music 10
830,relaxed,Book 6,Book 10,Book 2,Film 1,Film 4,Film 3,Music 7,Music 2,Music 8
831,sad,Book 7,Book 6,Book 5,Film 7,Film 3,Film 8,Music 9,Music 8,Music 6
832,stressed,Book 3,Book 6,Book 8,Film 1,Film 9,Film 5,Music 1,Music 10,Music 5
833,stressed,Book 1,Book 5,Book 2,Film 9,Film 3,Film 5,Music 7,Music 6,Music 4
834,relaxed,Book 7,Book 8,Book 4,Film 1,Film 10,Film 3,Music 10,Music 8,Music 3
835,stressed,Book 7,Book 9,Book 4,Film 9,Film 6,Film 5,Music 10,Music 7,Music 1
836,relaxed,Book 6,Book 4,Book 8,Film 7,Film 3,Film 5,Music 4,Music 3,Music 8
837,happy,Book 7,Book 6,Book 5,Film 5,Film 2,Film 9,Music 4,Music 2,Music 7
838,sad,Book 5,Book 8,Book 2,Film 3,Film 5,Film 6,Music 6,Music 10,Music 5
839,stressed,Book 1,Book 5,Book 9,Film 3,Film 10,Film 8,Music 4,Music 2,Music 7
840,relaxed,Book 7,Book 5,Book 1,Film 1,Film 9,Film 5,Music 4,Music 8,Music 10
841,relaxed,Book 9,Book 6,Book 10,Film 7,Film 1,Film 4,Music 2,Music 1,Music 5
842,stressed,Book 1,Book 3,Book 6,Film 5,Film 9,Film 8,Music 1,Music 3,Music 6
843,stressed,Book 10,Book 2,Book 1,Film 4,Film 7,Film 9,Music 10,Music 4,Music 8
844,relaxed,Book 2,Book 3,Book 1,Film 7,Film 3,Film 10,Music 6,Music 1,Music 3
845,stressed,Book 4,Book 2,Book 3,Film 3,Film 10,Film 2,Music 1,Music 4,Music 3
846,relaxed,Book 4,Book 5,Book 10,Film 8,Film 2,Film 5,Music 10,Music 3,Music 6
847,sad,Book 1,Book 7,Book 8,Film 4,Film 7,Film 9,Music 5,Music 9,Music 6
848,sad,Book 1,Book 3,Book 4,Film 4,Film 3,Film 7,Music 2,Music 9,Music 7
849,relaxed,Book 5,Book 8,Book 10,Film 6,Film 2,Film 10,Music 5,Music 8,Music 1
850,happy,Book 7,Book 9,Book 3,Film 6,Film 3,Film 1,Music 9,Music 4,Music 1
851,stressed,Book 2,Book 7,Book 8,Film 2,Film 7,Film 8,Music 2,Music 3,Music 4
852,stressed,Book 10,Book 7,Book 1,Film 9,Film 1,Film 2,Music 8,Music 1,Music 2
853,sad,Book 9,Book 4,Book 3,Film 1,Film 5,Film 4,Music 5,Music 3,Music 9
854,relaxed,Book 10,Book 6,Book 1,Film 10,Film 3,Film 5,Music 9,Music 1,Music 7
855,stressed,Book 7,Book 9,Book 6,Film 5,Film 3,Film 8,Music 8,Music 10,Music 4
856,happy,Book 4,Book 1,Book 7,Film 6,Film 3,Film 8,Music 9,Music 3,Music 5
857,stressed,Book 8,Book 7,Book 3,Film 10,Film 2,Film 3,Music 2,Music 9,Music 6
858,sad,Book 3,Book 8,Book 6,Film 5,Film 9,Film 3,Music 10,Music 1,Music 2
859,happy,Book 6,Book 8,Book 4,Film 1,Film 4,Film 10,Music 3,Music 7,Music 5
860,stressed,Book 6,Book 1,Book 3,Film 7,Film 5,Film 6,Music 6,Music 1,Music 8
861,relaxed,Book 5,Book 4,Book 9,Film 3,Film 7,Film 9,Music 6,Music 5,Music 8
862,sad,Book 8,Book 7,Book 3,Film 5,Film 7,Film 8,Music 6,Music 5,Music 10
863,stressed,Book 10,Book 3,Book 4,Film 10,Film 3,Film 5,Music 2,Music 5,Music 9
864,happy,Book 3,Book 5,Book 7,Film 3,Film 9,Film 5,Music 2,Music 5,Music 8
865,sad,Book 3,Book 6,Book 2,Film 6,Film 8,Film 5,Music 10,Music 9,Music 4
866,stressed,Book 4,Book 5,Book 1,Film 8,Film 9,Film 6,Music 8,Music 5,Music 1
867,sad,Book 6,Book 5,Book 1,Film 9,Film 2,Film 1,Music 10,Music 4,Music 3
868,stressed,Book 3,Book 2,Book 7,Film 8,Film 10,Film 5,Music 8,Music 2,Music 6
869,relaxed,Book 4,Book 7,Book 2,Film 6,Film 3,Film 1,Music 4,Music 8,Music 2
870,relaxed,Book 8,Book 6,Book 2,Film 10,Film 6,Film 9,Music 2,Music 10,Music 9
871,relaxed,Book 6,Book 7,Book 9,Film 6,Film 1,Film 7,Music 8,Music 5,Music 2
872,relaxed,Book 6,Book 10,Book 7,Film 4,Film 2,Film 7,Music 4,Music 3,Music 1
873,stressed,Book 1,Book 7,Book 2,Film 9,Film 4,Film 6,Music 6,Music 5,Music 3
874,stressed,Book 9,Book 6,Book 5,Film 2,Film 4,Film 10,Music 7,Music 6,Music 1
875,relaxed,Book 2,Book 9,Book 6,Film 5,Film 4,Film 9,Music 8,Music 3,Music 4
876,stressed,Book 10,Book 4,Book 7,Film 5,Film 2,Film 1,Music 9,Music 4,Music 7
877,sad,Book 7,Book 2,Book 10,Film 7,Film 3,Film 8,Music 8,Music 1,Music 2
878,stressed,Book 8,Book 1,Book 5,Film 10,Film 3,Film 7,Music 8,Music 3,Music 4
879,happy,Book 1,Book 2,Book 5,Film 2,Film 7,Film 4,Music 2,Music 4,Music 5
880,sad,Book 10,Book 1,Book 9,Film 3,Film 2,Film 8,Music 1,Music 7,Music 3
881,relaxed,Book 10,Book 2,Book 8,Film 1,Film 7,Film 4,Music 9,Music 6,Music 3
882,relaxed,Book 2,Book 1,Book 5,Film 9,Film 10,Film 5,Music 8,Music 9,Music 7
883,happy,Book 6,Book 5,Book 2,Film 3,Film 10,Film 4,Music 10,Music 9,Music 8
884,happy,Book 2,Book 1,Book 4,Film 2,Film 9,Film 5,Music 3,Music 5,Music 8
885,stressed,Book 10,Book 3,Book 2,Film 6,Film 4,Film 9,Music 2,Music 5,Music 6
886,stressed,Book 6,Book 5,Book 2,Film 6,Film 5,Film 4,Music 7,Music 3,Music 8
887,stressed,Book 10,Book 7,Book 8,Film 5,Film 9,Film 3,Music 6,Music 10,Music 4
888,happy,Book 9,Book 6,Book 8,Film 6,Film 10,Film 4,Music 4,Music 9,Music 2
889,sad,Book 8,Book 2,Book 1,Film 10,Film 5,Film 3,Music 5,Music 3,Music 8
890,stressed,Book 3,Book 9,Book 1,Film 4,Film 2,Film 10,Music 10,Music 4,Music 5
891,stressed,Book 4,Book 9,Book 8,Film 8,Film 2,Film 9,Music 1,Music 10,Music 3
892,happy,Book 4,Book 2,Book 1,Film 3,Film 6,Film 10,Music 5,Music 9,Music 3
893,sad,Book 2,Book 6,Book 8,Film 8,Film 1,Film 9,Music 7,Music 3,Music 8
894,sad,Book 6,Book 4,Book 5,Film 8,Film 2,Film 7,Music 4,Music 10,Music 9
895,stressed,Book 2,Book 7,Book 9,Film 10,Film 6,Film 1,Music 7,Music 10,Music 1
896,happy,Book 4,Book 10,Book 3,Film 6,Film 7,Film 10,Music 10,Music 5,Music 7
897,stressed,Book 6,Book 10,Book 1,Film 7,Film 6,Film 4,Music 3,Music 9,Music 4
898,sad,Book 2,Book 6,Book 5,Film 4,Film 9,Film 1,Music 6,Music 2,Music 9
899,relaxed,Book 7,Book 5,Book 4,Film 5,Film 6,Film 4,Music 10,Music 6,Music 1
900,relaxed,Book 3,Book 10,Book 4,Film 4,Film 9,Film 3,Music 2,Music 3,Music 6
901,relaxed,Book 10,Book 4,Book 1,Film 8,Film 6,Film 2,Music 5,Music 9,Music 3
902,sad,Book 6,Book 8,Book 2,Film 8,Film 2,Film 1,Music 4,Music 7,Music 2
903,relaxed,Book 9,Book 5,Book 6,Film 1,Film 4,Film 10,Music 9,Music 2,Music 8
904,sad,Book 4,Book 7,Book 6,Film 10,Film 1,Film 3,Music 5,Music 6,Music 8
905,relaxed,Book 5,Book 9,Book 3,Film 6,Film 9,Film 3,Music 8,Music 4,Music 1
906,happy,Book 5,Book 10,Book 9,Film 8,Film 10,Film 3,Music 7,Music 9,Music 8
907,relaxed,Book 3,Book 10,Book 9,Film 2,Film 5,Film 8,Music 10,Music 2,Music 1
908,sad,Book 1,Book 2,Book 6,Film 8,Film 4,Film 2,Music 7,Music 3,Music 8
909,happy,Book 7,Book 3,Book 6,Film 8,Film 4,Film 5,Music 8,Music 1,Music 7
910,sad,Book 8,Book 9,Book 10,Film 3,Film 4,Film 9,Music 7,Music 10,Music 5
911,happy,Book 7,Book 2,Book 9,Film 8,Film 10,Film 2,Music 2,Music 7,Music 5
912,happy,Book 1,Book 7,Book 9,Film 7,Film 6,Film 1,Music 2,Music 5,Music 7
913,sad,Book 10,Book 8,Book 9,Film 5,Film 6,Film 3,Music 10,Music 8,Music 7
914,stressed,Book 1,Book 8,Book 3,Film 4,Film 3,Film 2,Music 10,Music 7,Music 9
915,happy,Book 3,Book 9,Book 2,Film 3,Film 5,Film 1,Music 3,Music 9,Music 7
916,relaxed,Book 7,Book 8,Book 2,Film 8,Film 4,Film 1,Music 1,Music 7,Music 6
917,happy,Book 9,Book 3,Book 8,Film 4,Film 5,Film 1,Music 5,Music 1,Music 8
918,sad,Book 6,Book 10,Book 1,Film 2,Film 9,Film 1,Music 6,Music 10,Music 9
919,relaxed,Book 10,Book 9,Book 3,Film 6,Film 5,Film 9,Music 1,Music 9,Music 2
920,sad,Book 1,Book 2,Book 9,Film 2,Film 6,Film 8,Music 1,Music 3,Music 7
921,sad,Book 1,Book 10,Book 6,Film 7,Film 4,Film 5,Music 10,Music 1,Music 9
922,happy,Book 2,Book 3,Book 7,Film 7,Film 1,Film 8,Music 2,Music 4,Music 1
923,happy,Book 9,Book 5,Book 10,Film 5,Film 4,Film 1,Music 1,Music 3,Music 2
924,happy,Book 3,Book 4,Book 10,Film 6,Film 1,Film 10,Music 2,Music 6,Music 9
925,relaxed,Book 4,Book 9,Book 7,Film 7,Film 6,Film 10,Music 8,Music 5,Music 9
926,happy,Book 2,Book 8,Book 6,Film 10,Film 9,Film 1,Music 9,Music 3,Music 6
927,happy,Book 9,Book 7,Book 5,Film 4,Film 3,Film 2,Music 2,Music 6,Music 5
928,stressed,Book 2,Book 10,Book 8,Film 7,Film 10,Film 2,Music 7,Music 8,Music 1
929,stressed,Book 7,Book 10,Book 4,Film 4,Film 2,Film 8,Music 1,Music 4,Music 10
930,stressed,Book 8,Book 10,Book 9,Film 10,Film 6,Film 7,Music 7,Music 2,Music 10
931,happy,Book 7,Book 3,Book 5,Film 1,Film 10,Film 4,Music 4,Music 7,Music 5
932,sad,Book 9,Book 8,Book 10,Film 8,Film 3,Film 4,Music 6,Music 5,Music 1
933,stressed,Book 3,Book 6,Book 7,Film 8,Film 1,Film 4,Music 10,Music 8,Music 1
934,happy,Book 1,Book 8,Book 9,Film 5,Film 6,Film 9,Music 10,Music 3,Music 2
935,sad,Book 4,Book 1,Book 8,Film 3,Film 6,Film 7,Music 2,Music 5,Music 7
936,happy,Book 6,Book 4,Book 9,Film 2,Film 8,Film 6,Music 6,Music 10,Music 8
937,relaxed,Book 3,Book 6,Book 1,Film 7,Film 10,Film 5,Music 1,Music 10,Music 7
938,relaxed,Book 9,Book 6,Book 2,Film 4,Film 5,Film 2,Music 1,Music 10,Music 8
939,relaxed,Book 10,Book 7,Book 1,Film 7,Film 4,Film 3,Music 4,Music 2,Music 6
940,happy,Book 4,Book 9,Book 1,Film 5,Film 3,Film 6,Music 4,Music 7,Music 1
941,relaxed,Book 7,Book 4,Book 5,Film 4,Film 10,Film 8,Music 9,Music 2,Music 5
942,relaxed,Book 1,Book 8,Book 7,Film 5,Film 7,Film 10,Music 5,Music 3,Music 8
943,relaxed,Book 2,Book 1,Book 8,Film 5,Film 3,Film 7,Music 9,Music 6,Music 5
944,happy,Book 6,Book 1,Book 4,Film 6,Film 3,Film 7,Music 5,Music 10,Music 4
945,happy,Book 6,Book 2,Book 10,Film 2,Film 8,Film 6,Music 9,Music 10,Music 4
946,stressed,Book 1,Book 10,Book 4,Film 9,Film 1,Film 10,Music 4,Music 1,Music 2
947,happy,Book 8,Book 7,Book 2,Film 1,Film 5,Film 9,Music 2,Music 9,Music 8
948,sad,Book 6,Book 8,Book 7,Film 7,Film 2,Film 9,Music 8,Music 10,Music 4
949,sad,Book 2,Book 1,Book 6,Film 1,Film 3,Film 10,Music 10,Music 6,Music 2
950,relaxed,Book 2,Book 8,Book 5,Film 4,Film 3,Film 1,Music 10,Music 6,Music 4
951,sad,Book 2,Book 9,Book 1,Film 7,Film 3,Film 8,Music 5,Music 9,Music 7
952,relaxed,Book 6,Book 2,Book 7,Film 3,Film 4,Film 10,Music 7,Music 2,Music 8
953,happy,Book 5,Book 2,Book 9,Film 7,Film 3,Film 10,Music 3,Music 5,Music 6
954,sad,Book 3,Book 6,Book 1,Film 5,Film 10,Film 9,Music 9,Music 10,Music 1
955,stressed,Book 10,Book 3,Book 1,Film 1,Film 10,Film 8,Music 2,Music 7,Music 10
956,stressed,Book 4,Book 10,Book 7,Film 1,Film 8,Film 7,Music 7,Music 4,Music 9
957,happy,Book 1,Book 2,Book 7,Film 8,Film 10,Film 2,Music 7,Music 6,Music 2
958,happy,Book 8,Book 7,Book 2,Film 5,Film 10,Film 7,Music 1,Music 8,Music 9
959,happy,Book 1,Book 9,Book 4,Film 9,Film 1,Film 6,Music 4,Music 5,Music 10
960,happy,Book 1,Book 7,Book 2,Film 9,Film 10,Film 7,Music 10,Music 5,Music 6
961,stressed,Book 5,Book 2,Book 6,Film 3,Film 8,Film 6,Music 10,Music 8,Music 9
962,relaxed,Book 2,Book 3,Book 10,Film 8,Film 2,Film 3,Music 2,Music 6,Music 3
963,sad,Book 1,Book 4,Book 10,Film 2,Film 1,Film 7,Music 6,Music 7,Music 10
964,happy,Book 2,Book 10,Book 8,Film 8,Film 3,Film 5,Music 3,Music 5,Music 2
965,stressed,Book 4,Book 1,Book 2,Film 5,Film 7,Film 1,Music 4,Music 2,Music 3
966,happy,Book 1,Book 7,Book 10,Film 3,Film 8,Film 10,Music 6,Music 9,Music 3
967,relaxed,Book 8,Book 1,Book 9,Film 7,Film 6,Film 2,Music 9,Music 4,Music 10
968,sad,Book 1,Book 10,Book 3,Film 8,Film 3,Film 2,Music 3,Music 6,Music 9
969,sad,Book 9,Book 4,Book 8,Film 5,Film 1,Film 8,Music 2,Music 10,Music 1
970,happy,Book 5,Book 7,Book 2,Film 6,Film 5,Film 10,Music 10,Music 5,Music 4
971,happy,Book 5,Book 10,Book 1,Film 6,Film 9,Film 1,Music 1,Music 6,Music 3
972,happy,Book 6,Book 3,Book 10,Film 10,Film 3,Film 7,Music 9,Music 1,Music 4
973,happy,Book 1,Book 5,Book 6,Film 7,Film 2,Film 3,Music 3,Music 7,Music 1
974,relaxed,Book 7,Book 9,Book 1,Film 3,Film 1,Film 6,Music 4,Music 7,Music 2
975,stressed,Book 9,Book 8,Book 6,Film 3,Film 9,Film 1,Music 10,Music 1,Music 8
976,relaxed,Book 8,Book 7,Book 4,Film 8,Film 6,Film 2,Music 4,Music 9,Music 6
977,happy,Book 9,Book 6,Book 4,Film 9,Film 10,Film 2,Music 4,Music 1,Music 10
978,happy,Book 1,Book 10,Book 3,Film 2,Film 4,Film 9,Music 5,Music 7,Music 6
979,relaxed,Book 6,Book 4,Book 2,Film 8,Film 5,Film 4,Music 2,Music 4,Music 5
980,stressed,Book 2,Book 4,Book 7,Film 8,Film 9,Film 10,Music 5,Music 7,Music 9
981,sad,Book 4,Book 10,Book 8,Film 8,Film 2,Film 6,Music 10,Music 1,Music 6
982,relaxed,Book 7,Book 2,Book 4,Film 5,Film 4,Film 10,Music 7,Music 6,Music 4
983,happy,Book 7,Book 10,Book 6,Film 6,Film 10,Film 3,Music 1,Music 5,Music 9
984,relaxed,Book 2,Book 9,Book 10,Film 10,Film 7,Film 9,Music 5,Music 9,Music 2
985,happy,Book 2,Book 5,Book 10,Film 5,Film 1,Film 3,Music 7,Music 3,Music 2
986,happy,Book 6,Book 1,Book 3,Film 1,Film 8,Film 6,Music 4,Music 9,Music 5
987,happy,Book 10,Book 9,Book 8,Film 1,Film 2,Film 9,Music 3,Music 4,Music 10
988,sad,Book 4,Book 9,Book 7,Film 3,Film 9,Film 6,Music 3,Music 7,Music 1
989,sad,Book 2,Book 4,Book 7,Film 5,Film 2,Film 4,Music 10,Music 4,Music 8
990,happy,Book 1,Book 4,Book 10,Film 5,Film 3,Film 9,Music 8,Music 1,Music 4
991,stressed,Book 6,Book 10,Book 8,Film 3,Film 8,Film 10,Music 10,Music 2,Music 5
992,relaxed,Book 10,Book 8,Book 3,Film 9,Film 4,Film 5,Music 2,Music 3,Music 5
993,happy,Book 5,Book 7,Book 4,Film 4,Film 7,Film 10,Music 2,Music 10,Music 6
994,happy,Book 5,Book 4,Book 3,Film 1,Film 9,Film 2,Music 3,Music 8,Music 2
995,stressed,Book 10,Book 2,Book 7,Film 8,Film 3,Film 7,Music 1,Music 5,Music 8
996,happy,Book 8,Book 1,Book 6,Film 3,Film 4,Film 6,Music 8,Music 3,Music 9
997,relaxed,Book 4,Book 5,Book 1,Film 10,Film 5,Film 2,Music 3,Music 6,Music 10
998,happy,Book 2,Book 1,Book 3,Film 1,Film 4,Film 8,Music 6,Music 9,Music 7
999,stressed,Book 5,Book 9,Book 3,Film 8,Film 6,Film 7,Music 7,Music 10,Music 3
